-- phpMyAdmin SQL Dump
-- version 5.2.0
-- https://www.phpmyadmin.net/
--
-- 主机： db
-- 生成日期： 2022-11-29 01:46:29
-- 服务器版本： 5.7.40
-- PHP 版本： 8.0.19

SET
SQL_MODE = "NO_AUTO_VALUE_ON_ZERO";
START TRANSACTION;
SET
time_zone = "+00:00";


/*!40101 SET @OLD_CHARACTER_SET_CLIENT=@@CHARACTER_SET_CLIENT */;
/*!40101 SET @OLD_CHARACTER_SET_RESULTS=@@CHARACTER_SET_RESULTS */;
/*!40101 SET @OLD_COLLATION_CONNECTION=@@COLLATION_CONNECTION */;
/*!40101 SET NAMES utf8mb4 */;

--
-- 数据库： `dormitory`
--

DELIMITER
$$
--
-- 存储过程
--
CREATE
DEFINER=`root`@`%` PROCEDURE `func_init_beds` ()
BEGIN
    -- 该变量用于标识是否还有数据需遍历
    DECLARE
flag INT DEFAULT 0;
    -- 创建一个变量用来存储遍历过程中的值
    DECLARE
var_room_id,var_bed_num,var_bed_index,var_order_num,var_is_valid,var_is_del INT DEFAULT 0;
    DECLARE
var_name varchar(100);
    -- 查询出需要遍历的数据集合,这里指定数据库下面所有表明
    DECLARE
var_room_id_bed_num_list CURSOR FOR
select id
from rooms;
-- 查询是否有下一个数据，没有将标识设为1，相当于hasNext
DECLARE
CONTINUE HANDLER FOR NOT FOUND SET flag = 1;
    -- 打开游标
OPEN var_room_id_bed_num_list;
-- 取值设置到临时变量中，我这里就一个字段
-- 注意：多个字段取值，变量名不要和返回的列名同名，变量顺序要和sql结果列的顺序一致
FETCH var_room_id_bed_num_list INTO var_room_id;
-- 遍历未结束就一直执行
WHILE
flag != 1
        DO
            -- targetSQL 你想要执行的目标功能，这里可以写多个SQL
            SET var_bed_num = (RAND() * (10 - 5) + 2);
            SET
var_bed_index = 0;
            WHILE
var_bed_index < var_bed_num
                DO
                    SET var_name = CONCAT(var_bed_index, ' bed');
                    SET
var_order_num = var_order_num + 1;
                    SET
var_is_valid = IF(rand() < 0.01, 0, 1); -- 床位有1/100的概率为无效
                    SET
var_is_del = IF(rand() < 0.01, 1, 0); -- 房间有1/100的概率被删除
INSERT INTO beds
    (room_id, name, order_num, is_valid, is_del)
VALUES (var_room_id, var_name, var_order_num, var_is_valid, var_is_del);
SET
var_bed_index = var_bed_index + 1;
end while;
            -- 一定要记得把游标向后移一位，这个坑我替各位踩过了，不需要再踩了
FETCH var_room_id_bed_num_list INTO var_room_id;
-- 当s等于1时表明遍历以完成，退出循环
END WHILE;
    -- 关闭游标
CLOSE var_room_id_bed_num_list;
END$$

CREATE
DEFINER=`root`@`%` PROCEDURE `func_init_building` ()
BEGIN
    DECLARE
val_build_id, var_build_order_num, var_build_is_valid, var_build_is_del INT; -- 申明楼号, 楼层. 房间号
    DECLARE
val_build_na,var_build_describe, var_build_image_url varchar(100);
    SET
val_build_id = 1; -- 最小楼号
    WHILE
val_build_id <= 5
        DO
            SET val_build_na = CONCAT(val_build_id, ' building');
            SET
var_build_order_num = val_build_id;
            SET
var_build_is_valid = 1; -- 楼全部有效
            SET
var_build_describe = CONCAT('this is ', val_build_id, ' building');
            SET
var_build_image_url = CONCAT('url of ', val_build_id, ' building');
            SET
var_build_is_del = 0; -- 楼层全部未被删除
INSERT INTO buildings(id, name, order_num, is_valid, `describe`, image_url, is_del)
VALUES (val_build_id, val_build_na, var_build_order_num, var_build_is_valid, var_build_describe,
        var_build_image_url, var_build_is_del);
SET
val_build_id = val_build_id + 1;
END WHILE;

END$$

CREATE
DEFINER=`root`@`%` PROCEDURE `func_init_room` ()
BEGIN
    DECLARE
val_building_id, var_gender, var_order_num, var_is_valid, var_is_del, var_floor_index, var_room_index,var_bed_cnt_all INT;
    DECLARE
val_name, var_describe, var_image_url varchar(100);
    SET
val_building_id = 1; -- 最小楼号
    WHILE
val_building_id <= 5
        DO
            SET var_floor_index = 1; -- 最小层数
            WHILE
var_floor_index <= 5
                DO
                    SET var_room_index = 1; -- 每层的最小房间号
                    WHILE
var_room_index <= 10
                        DO
                            SET val_name = val_building_id * 1000 + var_floor_index * 100 + var_room_index;
                            SET
var_bed_cnt_all = (RAND() * (10 - 5) + 2); -- 宿舍的床位数量
                            SET
var_gender = var_floor_index mod 2; -- 楼层性别按照奇数偶数划分
                            SET
var_order_num = CONVERT(val_name, SIGNED); -- 排序和房间名称一致
                            SET
var_is_valid = IF(rand() < 0.01, 0, 1); -- 房间有1/100的概率为无效
                            SET
var_describe = CONCAT('this is ', val_name, ' room');
                            SET
var_image_url = CONCAT('url of ', val_name, ' room');
                            SET
var_is_del = IF(rand() < 0.01, 1, 0); -- 房间有1/100的概率被删除
INSERT INTO rooms (building_id, rooms.name, gender, order_num, is_valid, rooms.describe, image_url, is_del)
VALUES (val_building_id, val_name, var_gender, var_order_num, var_is_valid, var_describe,
        var_image_url, var_is_del);
SET
var_room_index = var_room_index + 1; -- 循环一次,i加1
END WHILE;
                SET
var_floor_index = var_floor_index + 1;
END WHILE; -- 结束while循环
        SET
val_building_id = val_building_id + 1;
END WHILE;

END$$

DELIMITER ;

-- --------------------------------------------------------

--
-- 表的结构 `auth`
--

CREATE TABLE `auth`
(
    `id`       int(10) NOT NULL COMMENT '主键，自增',
    `username` varchar(50)   NOT NULL COMMENT '用户名',
    `type`     int(10) NOT NULL COMMENT '0-学号，1-邮箱，2-电话',
    `password` varchar(50)   NOT NULL COMMENT '密码',
    `uid`      int(10) NOT NULL COMMENT 'user表中的uid',
    `add_time` int(11) NOT NULL DEFAULT '0' COMMENT '添加时间',
    `remarks`  varchar(1000) NOT NULL COMMENT '备注，仅管理员可见',
    `is_del`   int(10) NOT NULL DEFAULT '0' COMMENT '1代表删除',
    `status`   int(10) NOT NULL DEFAULT '0' COMMENT '备用'
) ENGINE=InnoDB DEFAULT CHARSET=utf8;

--
-- 转存表中的数据 `auth`
--

INSERT INTO `auth` (`id`, `username`, `type`, `password`, `uid`, `add_time`, `remarks`, `is_del`, `status`)
VALUES (1, '2201210001', 0, 'e10adc3949ba59abbe56e057f20f883e', 1, 0, '密码的明文是123456', 0, 0),
       (2, '2201210002', 0, 'e10adc3949ba59abbe56e057f20f883e', 2, 1, '密码的明文是123456', 0, 0),
       (3, '2201210007', 0, 'e10adc3949ba59abbe56e057f20f883e', 7, 0, '密码的明文是123456', 0, 0);

-- --------------------------------------------------------

--
-- 表的结构 `beds`
--

CREATE TABLE `beds`
(
    `id`        int(10) NOT NULL COMMENT '主键，自增',
    `uid`       int(10) DEFAULT '0' COMMENT 'user表中的id',
    `room_id`   int(10) NOT NULL COMMENT 'room表中的id',
    `name`      varchar(100) NOT NULL COMMENT '床编号',
    `order_num` int(10) NOT NULL COMMENT '排序号码，号码小的在前面',
    `is_valid`  int(10) NOT NULL DEFAULT '1' COMMENT '是否有效，无效的床位不参加在线选择',
    `remarks`   varchar(1000) DEFAULT NULL COMMENT '备注，仅管理员可见',
    `is_del`    int(10) NOT NULL DEFAULT '0' COMMENT '1代表删除',
    `status`    int(10) NOT NULL DEFAULT '0' COMMENT '0 空闲 1 已选'
) ENGINE=InnoDB DEFAULT CHARSET=utf8;

--
-- 转存表中的数据 `beds`
--

INSERT INTO `beds` (`id`, `uid`, `room_id`, `name`, `order_num`, `is_valid`, `remarks`, `is_del`, `status`)
VALUES (1, 1, 1, '0 bed', 1, 1, NULL, 0, 1),
       (2, 7, 1, '1 bed', 2, 1, NULL, 0, 1),
       (3, 4, 1, '2 bed', 3, 1, NULL, 0, 0),
       (4, 5, 1, '3 bed', 4, 1, NULL, 0, 0),
       (5, 0, 2, '0 bed', 5, 1, NULL, 0, 0),
       (6, 0, 2, '1 bed', 6, 1, NULL, 0, 0),
       (7, 0, 2, '2 bed', 7, 1, NULL, 0, 0),
       (8, 0, 2, '3 bed', 8, 1, NULL, 0, 0),
       (9, 0, 2, '4 bed', 9, 0, NULL, 0, 0),
       (10, 0, 3, '0 bed', 10, 1, NULL, 0, 0),
       (11, 0, 3, '1 bed', 11, 1, NULL, 0, 0),
       (12, 0, 3, '2 bed', 12, 1, NULL, 0, 0),
       (13, 0, 4, '0 bed', 13, 1, NULL, 0, 0),
       (14, 0, 4, '1 bed', 14, 1, NULL, 0, 0),
       (15, 0, 4, '2 bed', 15, 1, NULL, 0, 0),
       (16, 0, 4, '3 bed', 16, 1, NULL, 0, 0),
       (17, 0, 4, '4 bed', 17, 1, NULL, 0, 0),
       (18, 0, 4, '5 bed', 18, 1, NULL, 0, 0),
       (19, 0, 4, '6 bed', 19, 1, NULL, 0, 0),
       (20, 0, 5, '0 bed', 20, 1, NULL, 0, 0),
       (21, 0, 5, '1 bed', 21, 1, NULL, 0, 0),
       (22, 0, 5, '2 bed', 22, 1, NULL, 0, 0),
       (23, 0, 5, '3 bed', 23, 1, NULL, 0, 0),
       (24, 0, 5, '4 bed', 24, 1, NULL, 0, 0),
       (25, 0, 6, '0 bed', 25, 1, NULL, 0, 0),
       (26, 0, 6, '1 bed', 26, 1, NULL, 0, 0),
       (27, 0, 6, '2 bed', 27, 1, NULL, 0, 0),
       (28, 0, 6, '3 bed', 28, 1, NULL, 0, 0),
       (29, 0, 6, '4 bed', 29, 1, NULL, 0, 0),
       (30, 0, 6, '5 bed', 30, 1, NULL, 0, 0),
       (31, 0, 7, '0 bed', 31, 1, NULL, 0, 0),
       (32, 0, 7, '1 bed', 32, 1, NULL, 0, 0),
       (33, 0, 7, '2 bed', 33, 1, NULL, 0, 0),
       (34, 0, 8, '0 bed', 34, 1, NULL, 0, 0),
       (35, 0, 8, '1 bed', 35, 1, NULL, 0, 0),
       (36, 0, 8, '2 bed', 36, 1, NULL, 0, 0),
       (37, 0, 9, '0 bed', 37, 1, NULL, 0, 0),
       (38, 0, 9, '1 bed', 38, 1, NULL, 0, 0),
       (39, 0, 9, '2 bed', 39, 1, NULL, 0, 0),
       (40, 0, 9, '3 bed', 40, 1, NULL, 0, 0),
       (41, 0, 9, '4 bed', 41, 1, NULL, 0, 0),
       (42, 0, 9, '5 bed', 42, 1, NULL, 0, 0),
       (43, 0, 9, '6 bed', 43, 1, NULL, 0, 0),
       (44, 0, 10, '0 bed', 44, 1, NULL, 0, 0),
       (45, 0, 10, '1 bed', 45, 1, NULL, 0, 0),
       (46, 0, 10, '2 bed', 46, 1, NULL, 0, 0),
       (47, 0, 10, '3 bed', 47, 1, NULL, 0, 0),
       (48, 0, 10, '4 bed', 48, 1, NULL, 0, 0),
       (49, 0, 10, '5 bed', 49, 1, NULL, 0, 0),
       (50, 0, 11, '0 bed', 50, 1, NULL, 0, 0),
       (51, 0, 11, '1 bed', 51, 1, NULL, 0, 0),
       (52, 0, 11, '2 bed', 52, 1, NULL, 0, 0),
       (53, 0, 12, '0 bed', 53, 1, NULL, 0, 0),
       (54, 0, 12, '1 bed', 54, 1, NULL, 0, 0),
       (55, 0, 12, '2 bed', 55, 1, NULL, 0, 0),
       (56, 0, 13, '0 bed', 56, 1, NULL, 0, 0),
       (57, 0, 13, '1 bed', 57, 1, NULL, 0, 0),
       (58, 0, 14, '0 bed', 58, 1, NULL, 0, 0),
       (59, 0, 14, '1 bed', 59, 1, NULL, 0, 0),
       (60, 0, 14, '2 bed', 60, 1, NULL, 0, 0),
       (61, 0, 14, '3 bed', 61, 1, NULL, 0, 0),
       (62, 0, 15, '0 bed', 62, 1, NULL, 0, 0),
       (63, 0, 15, '1 bed', 63, 1, NULL, 0, 0),
       (64, 0, 15, '2 bed', 64, 1, NULL, 0, 0),
       (65, 0, 15, '3 bed', 65, 1, NULL, 0, 0),
       (66, 0, 15, '4 bed', 66, 1, NULL, 0, 0),
       (67, 0, 15, '5 bed', 67, 1, NULL, 0, 0),
       (68, 0, 16, '0 bed', 68, 1, NULL, 0, 0),
       (69, 0, 16, '1 bed', 69, 1, NULL, 0, 0),
       (70, 0, 16, '2 bed', 70, 1, NULL, 0, 0),
       (71, 0, 16, '3 bed', 71, 1, NULL, 0, 0),
       (72, 0, 16, '4 bed', 72, 1, NULL, 0, 0),
       (73, 0, 16, '5 bed', 73, 1, NULL, 0, 0),
       (74, 0, 17, '0 bed', 74, 1, NULL, 0, 0),
       (75, 0, 17, '1 bed', 75, 1, NULL, 0, 0),
       (76, 0, 17, '2 bed', 76, 1, NULL, 0, 0),
       (77, 0, 18, '0 bed', 77, 1, NULL, 0, 0),
       (78, 0, 18, '1 bed', 78, 1, NULL, 0, 0),
       (79, 0, 18, '2 bed', 79, 1, NULL, 0, 0),
       (80, 0, 18, '3 bed', 80, 1, NULL, 0, 0),
       (81, 0, 18, '4 bed', 81, 1, NULL, 0, 0),
       (82, 0, 18, '5 bed', 82, 1, NULL, 0, 0),
       (83, 0, 19, '0 bed', 83, 1, NULL, 0, 0),
       (84, 0, 19, '1 bed', 84, 1, NULL, 0, 0),
       (85, 0, 19, '2 bed', 85, 1, NULL, 0, 0),
       (86, 0, 19, '3 bed', 86, 1, NULL, 0, 0),
       (87, 0, 19, '4 bed', 87, 1, NULL, 0, 0),
       (88, 0, 19, '5 bed', 88, 0, NULL, 0, 0),
       (89, 0, 19, '6 bed', 89, 1, NULL, 0, 0),
       (90, 0, 20, '0 bed', 90, 1, NULL, 0, 0),
       (91, 0, 20, '1 bed', 91, 1, NULL, 0, 0),
       (92, 0, 20, '2 bed', 92, 1, NULL, 0, 0),
       (93, 0, 20, '3 bed', 93, 1, NULL, 0, 0),
       (94, 0, 20, '4 bed', 94, 1, NULL, 0, 0),
       (95, 0, 21, '0 bed', 95, 1, NULL, 0, 0),
       (96, 0, 21, '1 bed', 96, 1, NULL, 0, 0),
       (97, 0, 22, '0 bed', 97, 1, NULL, 0, 0),
       (98, 0, 22, '1 bed', 98, 1, NULL, 0, 0),
       (99, 0, 22, '2 bed', 99, 1, NULL, 0, 0),
       (100, 0, 22, '3 bed', 100, 1, NULL, 0, 0),
       (101, 0, 22, '4 bed', 101, 1, NULL, 0, 0),
       (102, 0, 23, '0 bed', 102, 1, NULL, 0, 0),
       (103, 0, 23, '1 bed', 103, 1, NULL, 0, 0),
       (104, 0, 23, '2 bed', 104, 1, NULL, 0, 0),
       (105, 0, 23, '3 bed', 105, 1, NULL, 0, 0),
       (106, 0, 23, '4 bed', 106, 1, NULL, 0, 0),
       (107, 0, 24, '0 bed', 107, 1, NULL, 0, 0),
       (108, 0, 24, '1 bed', 108, 1, NULL, 0, 0),
       (109, 0, 24, '2 bed', 109, 1, NULL, 1, 0),
       (110, 0, 25, '0 bed', 110, 1, NULL, 0, 0),
       (111, 0, 25, '1 bed', 111, 1, NULL, 0, 0),
       (112, 0, 25, '2 bed', 112, 1, NULL, 0, 0),
       (113, 0, 25, '3 bed', 113, 1, NULL, 0, 0),
       (114, 0, 25, '4 bed', 114, 1, NULL, 0, 0),
       (115, 0, 25, '5 bed', 115, 1, NULL, 0, 0),
       (116, 0, 26, '0 bed', 116, 1, NULL, 0, 0),
       (117, 0, 26, '1 bed', 117, 1, NULL, 0, 0),
       (118, 0, 26, '2 bed', 118, 1, NULL, 0, 0),
       (119, 0, 26, '3 bed', 119, 1, NULL, 0, 0),
       (120, 0, 27, '0 bed', 120, 1, NULL, 0, 0),
       (121, 0, 27, '1 bed', 121, 1, NULL, 0, 0),
       (122, 0, 27, '2 bed', 122, 1, NULL, 0, 0),
       (123, 0, 27, '3 bed', 123, 1, NULL, 1, 0),
       (124, 0, 27, '4 bed', 124, 1, NULL, 0, 0),
       (125, 0, 28, '0 bed', 125, 1, NULL, 0, 0),
       (126, 0, 28, '1 bed', 126, 1, NULL, 0, 0),
       (127, 0, 28, '2 bed', 127, 1, NULL, 0, 0),
       (128, 0, 28, '3 bed', 128, 1, NULL, 0, 0),
       (129, 0, 28, '4 bed', 129, 1, NULL, 0, 0),
       (130, 0, 29, '0 bed', 130, 1, NULL, 0, 0),
       (131, 0, 29, '1 bed', 131, 1, NULL, 0, 0),
       (132, 0, 30, '0 bed', 132, 1, NULL, 0, 0),
       (133, 0, 30, '1 bed', 133, 1, NULL, 0, 0),
       (134, 0, 30, '2 bed', 134, 1, NULL, 0, 0),
       (135, 0, 30, '3 bed', 135, 1, NULL, 0, 0),
       (136, 0, 30, '4 bed', 136, 1, NULL, 0, 0),
       (137, 0, 30, '5 bed', 137, 1, NULL, 0, 0),
       (138, 0, 30, '6 bed', 138, 1, NULL, 0, 0),
       (139, 0, 31, '0 bed', 139, 1, NULL, 0, 0),
       (140, 0, 31, '1 bed', 140, 1, NULL, 0, 0),
       (141, 0, 31, '2 bed', 141, 1, NULL, 0, 0),
       (142, 0, 31, '3 bed', 142, 1, NULL, 0, 0),
       (143, 0, 31, '4 bed', 143, 1, NULL, 0, 0),
       (144, 0, 31, '5 bed', 144, 1, NULL, 0, 0),
       (145, 0, 32, '0 bed', 145, 1, NULL, 0, 0),
       (146, 0, 32, '1 bed', 146, 1, NULL, 0, 0),
       (147, 0, 32, '2 bed', 147, 1, NULL, 0, 0),
       (148, 0, 32, '3 bed', 148, 0, NULL, 0, 0),
       (149, 0, 32, '4 bed', 149, 1, NULL, 0, 0),
       (150, 0, 33, '0 bed', 150, 1, NULL, 0, 0),
       (151, 0, 33, '1 bed', 151, 1, NULL, 0, 0),
       (152, 0, 33, '2 bed', 152, 1, NULL, 0, 0),
       (153, 0, 33, '3 bed', 153, 1, NULL, 0, 0),
       (154, 0, 33, '4 bed', 154, 1, NULL, 0, 0),
       (155, 0, 33, '5 bed', 155, 1, NULL, 0, 0),
       (156, 0, 34, '0 bed', 156, 1, NULL, 0, 0),
       (157, 0, 34, '1 bed', 157, 1, NULL, 0, 0),
       (158, 0, 34, '2 bed', 158, 1, NULL, 0, 0),
       (159, 0, 35, '0 bed', 159, 1, NULL, 1, 0),
       (160, 0, 35, '1 bed', 160, 1, NULL, 0, 0),
       (161, 0, 35, '2 bed', 161, 1, NULL, 0, 0),
       (162, 0, 35, '3 bed', 162, 1, NULL, 0, 0),
       (163, 0, 35, '4 bed', 163, 1, NULL, 0, 0),
       (164, 0, 36, '0 bed', 164, 1, NULL, 0, 0),
       (165, 0, 36, '1 bed', 165, 1, NULL, 0, 0),
       (166, 0, 36, '2 bed', 166, 1, NULL, 0, 0),
       (167, 0, 37, '0 bed', 167, 1, NULL, 0, 0),
       (168, 0, 37, '1 bed', 168, 1, NULL, 0, 0),
       (169, 0, 37, '2 bed', 169, 1, NULL, 0, 0),
       (170, 0, 38, '0 bed', 170, 1, NULL, 0, 0),
       (171, 0, 38, '1 bed', 171, 1, NULL, 0, 0),
       (172, 0, 38, '2 bed', 172, 1, NULL, 0, 0),
       (173, 0, 38, '3 bed', 173, 1, NULL, 0, 0),
       (174, 0, 39, '0 bed', 174, 1, NULL, 0, 0),
       (175, 0, 39, '1 bed', 175, 1, NULL, 0, 0),
       (176, 0, 39, '2 bed', 176, 1, NULL, 0, 0),
       (177, 0, 39, '3 bed', 177, 1, NULL, 0, 0),
       (178, 0, 40, '0 bed', 178, 1, NULL, 0, 0),
       (179, 0, 40, '1 bed', 179, 1, NULL, 0, 0),
       (180, 0, 40, '2 bed', 180, 0, NULL, 0, 0),
       (181, 0, 40, '3 bed', 181, 0, NULL, 0, 0),
       (182, 0, 41, '0 bed', 182, 1, NULL, 0, 0),
       (183, 0, 41, '1 bed', 183, 1, NULL, 1, 0),
       (184, 0, 41, '2 bed', 184, 1, NULL, 0, 0),
       (185, 0, 41, '3 bed', 185, 1, NULL, 0, 0),
       (186, 0, 41, '4 bed', 186, 1, NULL, 0, 0),
       (187, 0, 41, '5 bed', 187, 1, NULL, 0, 0),
       (188, 0, 41, '6 bed', 188, 1, NULL, 0, 0),
       (189, 0, 42, '0 bed', 189, 1, NULL, 0, 0),
       (190, 0, 42, '1 bed', 190, 1, NULL, 0, 0),
       (191, 0, 42, '2 bed', 191, 1, NULL, 0, 0),
       (192, 0, 42, '3 bed', 192, 1, NULL, 0, 0),
       (193, 0, 42, '4 bed', 193, 1, NULL, 0, 0),
       (194, 0, 42, '5 bed', 194, 1, NULL, 0, 0),
       (195, 0, 43, '0 bed', 195, 1, NULL, 0, 0),
       (196, 0, 43, '1 bed', 196, 1, NULL, 0, 0),
       (197, 0, 43, '2 bed', 197, 0, NULL, 0, 0),
       (198, 0, 43, '3 bed', 198, 1, NULL, 0, 0),
       (199, 0, 43, '4 bed', 199, 1, NULL, 0, 0),
       (200, 0, 43, '5 bed', 200, 1, NULL, 0, 0),
       (201, 0, 44, '0 bed', 201, 1, NULL, 0, 0),
       (202, 0, 44, '1 bed', 202, 1, NULL, 0, 0),
       (203, 0, 44, '2 bed', 203, 1, NULL, 0, 0),
       (204, 0, 44, '3 bed', 204, 1, NULL, 0, 0),
       (205, 0, 44, '4 bed', 205, 1, NULL, 0, 0),
       (206, 0, 44, '5 bed', 206, 1, NULL, 0, 0),
       (207, 0, 44, '6 bed', 207, 1, NULL, 0, 0),
       (208, 0, 45, '0 bed', 208, 1, NULL, 0, 0),
       (209, 0, 45, '1 bed', 209, 1, NULL, 0, 0),
       (210, 0, 45, '2 bed', 210, 1, NULL, 0, 0),
       (211, 0, 46, '0 bed', 211, 1, NULL, 0, 0),
       (212, 0, 46, '1 bed', 212, 1, NULL, 0, 0),
       (213, 0, 46, '2 bed', 213, 1, NULL, 0, 0),
       (214, 0, 47, '0 bed', 214, 1, NULL, 0, 0),
       (215, 0, 47, '1 bed', 215, 1, NULL, 0, 0),
       (216, 0, 47, '2 bed', 216, 1, NULL, 0, 0),
       (217, 0, 47, '3 bed', 217, 1, NULL, 0, 0),
       (218, 0, 47, '4 bed', 218, 1, NULL, 0, 0),
       (219, 0, 47, '5 bed', 219, 1, NULL, 0, 0),
       (220, 0, 47, '6 bed', 220, 1, NULL, 0, 0),
       (221, 0, 48, '0 bed', 221, 1, NULL, 0, 0),
       (222, 0, 48, '1 bed', 222, 1, NULL, 0, 0),
       (223, 0, 48, '2 bed', 223, 1, NULL, 0, 0),
       (224, 0, 49, '0 bed', 224, 1, NULL, 0, 0),
       (225, 0, 49, '1 bed', 225, 1, NULL, 0, 0),
       (226, 0, 49, '2 bed', 226, 1, NULL, 0, 0),
       (227, 0, 49, '3 bed', 227, 1, NULL, 0, 0),
       (228, 0, 49, '4 bed', 228, 1, NULL, 0, 0),
       (229, 0, 49, '5 bed', 229, 1, NULL, 0, 0),
       (230, 1, 50, '0 bed', 230, 1, NULL, 0, 0),
       (231, 0, 50, '1 bed', 231, 1, NULL, 0, 0),
       (232, 0, 50, '2 bed', 232, 1, NULL, 0, 0),
       (233, 0, 50, '3 bed', 233, 1, NULL, 0, 0),
       (234, 0, 50, '4 bed', 234, 1, NULL, 0, 0),
       (235, 0, 51, '0 bed', 235, 1, NULL, 0, 0),
       (236, 0, 51, '1 bed', 236, 1, NULL, 0, 0),
       (237, 0, 51, '2 bed', 237, 1, NULL, 0, 0),
       (238, 0, 51, '3 bed', 238, 1, NULL, 0, 0),
       (239, 0, 51, '4 bed', 239, 1, NULL, 0, 0),
       (240, 0, 51, '5 bed', 240, 1, NULL, 0, 0),
       (241, 0, 52, '0 bed', 241, 1, NULL, 0, 0),
       (242, 0, 52, '1 bed', 242, 1, NULL, 0, 0),
       (243, 0, 52, '2 bed', 243, 1, NULL, 0, 0),
       (244, 0, 52, '3 bed', 244, 1, NULL, 0, 0),
       (245, 0, 53, '0 bed', 245, 1, NULL, 0, 0),
       (246, 0, 53, '1 bed', 246, 1, NULL, 0, 0),
       (247, 0, 53, '2 bed', 247, 1, NULL, 0, 0),
       (248, 0, 53, '3 bed', 248, 1, NULL, 0, 0),
       (249, 0, 53, '4 bed', 249, 1, NULL, 0, 0),
       (250, 0, 54, '0 bed', 250, 1, NULL, 0, 0),
       (251, 0, 54, '1 bed', 251, 1, NULL, 0, 0),
       (252, 0, 54, '2 bed', 252, 1, NULL, 0, 0),
       (253, 0, 55, '0 bed', 253, 1, NULL, 0, 0),
       (254, 0, 55, '1 bed', 254, 1, NULL, 0, 0),
       (255, 0, 55, '2 bed', 255, 1, NULL, 0, 0),
       (256, 0, 55, '3 bed', 256, 1, NULL, 0, 0),
       (257, 0, 55, '4 bed', 257, 1, NULL, 0, 0),
       (258, 0, 56, '0 bed', 258, 1, NULL, 0, 0),
       (259, 0, 56, '1 bed', 259, 1, NULL, 0, 0),
       (260, 0, 56, '2 bed', 260, 1, NULL, 0, 0),
       (261, 0, 56, '3 bed', 261, 1, NULL, 0, 0),
       (262, 0, 56, '4 bed', 262, 1, NULL, 0, 0),
       (263, 0, 56, '5 bed', 263, 1, NULL, 0, 0),
       (264, 0, 57, '0 bed', 264, 1, NULL, 0, 0),
       (265, 0, 57, '1 bed', 265, 1, NULL, 0, 0),
       (266, 0, 57, '2 bed', 266, 1, NULL, 0, 0),
       (267, 0, 57, '3 bed', 267, 1, NULL, 0, 0),
       (268, 0, 57, '4 bed', 268, 1, NULL, 0, 0),
       (269, 0, 58, '0 bed', 269, 1, NULL, 0, 0),
       (270, 0, 58, '1 bed', 270, 1, NULL, 0, 0),
       (271, 0, 58, '2 bed', 271, 1, NULL, 0, 0),
       (272, 0, 59, '0 bed', 272, 1, NULL, 0, 0),
       (273, 0, 59, '1 bed', 273, 1, NULL, 0, 0),
       (274, 0, 59, '2 bed', 274, 1, NULL, 0, 0),
       (275, 0, 59, '3 bed', 275, 0, NULL, 0, 0),
       (276, 0, 59, '4 bed', 276, 1, NULL, 0, 0),
       (277, 0, 59, '5 bed', 277, 1, NULL, 0, 0),
       (278, 0, 59, '6 bed', 278, 1, NULL, 0, 0),
       (279, 0, 60, '0 bed', 279, 1, NULL, 0, 0),
       (280, 0, 60, '1 bed', 280, 1, NULL, 0, 0),
       (281, 0, 60, '2 bed', 281, 1, NULL, 0, 0),
       (282, 0, 60, '3 bed', 282, 1, NULL, 0, 0),
       (283, 0, 60, '4 bed', 283, 1, NULL, 0, 0),
       (284, 0, 61, '0 bed', 284, 1, NULL, 0, 0),
       (285, 0, 61, '1 bed', 285, 0, NULL, 0, 0),
       (286, 0, 61, '2 bed', 286, 1, NULL, 0, 0),
       (287, 0, 62, '0 bed', 287, 1, NULL, 0, 0),
       (288, 0, 62, '1 bed', 288, 1, NULL, 0, 0),
       (289, 0, 62, '2 bed', 289, 1, NULL, 0, 0),
       (290, 0, 62, '3 bed', 290, 1, NULL, 0, 0),
       (291, 0, 63, '0 bed', 291, 1, NULL, 0, 0),
       (292, 0, 63, '1 bed', 292, 1, NULL, 0, 0),
       (293, 0, 63, '2 bed', 293, 1, NULL, 0, 0),
       (294, 0, 63, '3 bed', 294, 1, NULL, 0, 0),
       (295, 0, 64, '0 bed', 295, 1, NULL, 0, 0),
       (296, 0, 64, '1 bed', 296, 1, NULL, 0, 0),
       (297, 0, 64, '2 bed', 297, 1, NULL, 0, 0),
       (298, 0, 64, '3 bed', 298, 1, NULL, 0, 0),
       (299, 0, 65, '0 bed', 299, 1, NULL, 0, 0),
       (300, 0, 65, '1 bed', 300, 1, NULL, 0, 0),
       (301, 0, 65, '2 bed', 301, 1, NULL, 0, 0),
       (302, 0, 66, '0 bed', 302, 1, NULL, 0, 0),
       (303, 0, 66, '1 bed', 303, 1, NULL, 0, 0),
       (304, 0, 66, '2 bed', 304, 1, NULL, 0, 0),
       (305, 0, 66, '3 bed', 305, 1, NULL, 0, 0),
       (306, 0, 66, '4 bed', 306, 1, NULL, 0, 0),
       (307, 0, 66, '5 bed', 307, 1, NULL, 0, 0),
       (308, 0, 67, '0 bed', 308, 1, NULL, 0, 0),
       (309, 0, 67, '1 bed', 309, 1, NULL, 0, 0),
       (310, 0, 67, '2 bed', 310, 1, NULL, 0, 0),
       (311, 0, 67, '3 bed', 311, 1, NULL, 0, 0),
       (312, 0, 68, '0 bed', 312, 1, NULL, 0, 0),
       (313, 0, 68, '1 bed', 313, 1, NULL, 0, 0),
       (314, 0, 68, '2 bed', 314, 1, NULL, 0, 0),
       (315, 0, 68, '3 bed', 315, 1, NULL, 0, 0),
       (316, 0, 69, '0 bed', 316, 1, NULL, 0, 0),
       (317, 0, 69, '1 bed', 317, 1, NULL, 0, 0),
       (318, 0, 69, '2 bed', 318, 1, NULL, 0, 0),
       (319, 0, 69, '3 bed', 319, 1, NULL, 0, 0),
       (320, 0, 69, '4 bed', 320, 1, NULL, 0, 0),
       (321, 0, 69, '5 bed', 321, 1, NULL, 0, 0),
       (322, 0, 70, '0 bed', 322, 1, NULL, 0, 0),
       (323, 0, 70, '1 bed', 323, 1, NULL, 0, 0),
       (324, 0, 70, '2 bed', 324, 1, NULL, 0, 0),
       (325, 0, 70, '3 bed', 325, 1, NULL, 0, 0),
       (326, 0, 71, '0 bed', 326, 1, NULL, 0, 0),
       (327, 0, 71, '1 bed', 327, 1, NULL, 0, 0),
       (328, 0, 71, '2 bed', 328, 1, NULL, 0, 0),
       (329, 0, 71, '3 bed', 329, 1, NULL, 0, 0),
       (330, 0, 71, '4 bed', 330, 1, NULL, 0, 0),
       (331, 0, 71, '5 bed', 331, 1, NULL, 0, 0),
       (332, 0, 72, '0 bed', 332, 1, NULL, 0, 0),
       (333, 0, 72, '1 bed', 333, 1, NULL, 0, 0),
       (334, 0, 72, '2 bed', 334, 1, NULL, 0, 0),
       (335, 0, 73, '0 bed', 335, 1, NULL, 0, 0),
       (336, 0, 73, '1 bed', 336, 1, NULL, 0, 0),
       (337, 0, 73, '2 bed', 337, 1, NULL, 0, 0),
       (338, 0, 73, '3 bed', 338, 1, NULL, 0, 0),
       (339, 0, 73, '4 bed', 339, 1, NULL, 0, 0),
       (340, 0, 73, '5 bed', 340, 1, NULL, 0, 0),
       (341, 0, 74, '0 bed', 341, 1, NULL, 0, 0),
       (342, 0, 74, '1 bed', 342, 1, NULL, 0, 0),
       (343, 0, 74, '2 bed', 343, 1, NULL, 0, 0),
       (344, 0, 75, '0 bed', 344, 1, NULL, 0, 0),
       (345, 0, 75, '1 bed', 345, 1, NULL, 0, 0),
       (346, 0, 75, '2 bed', 346, 1, NULL, 0, 0),
       (347, 0, 75, '3 bed', 347, 1, NULL, 0, 0),
       (348, 0, 75, '4 bed', 348, 1, NULL, 0, 0),
       (349, 0, 75, '5 bed', 349, 1, NULL, 0, 0),
       (350, 0, 76, '0 bed', 350, 1, NULL, 0, 0),
       (351, 0, 76, '1 bed', 351, 1, NULL, 0, 0),
       (352, 0, 76, '2 bed', 352, 1, NULL, 0, 0),
       (353, 0, 76, '3 bed', 353, 1, NULL, 0, 0),
       (354, 0, 76, '4 bed', 354, 1, NULL, 0, 0),
       (355, 0, 76, '5 bed', 355, 1, NULL, 0, 0),
       (356, 0, 76, '6 bed', 356, 1, NULL, 0, 0),
       (357, 0, 77, '0 bed', 357, 1, NULL, 0, 0),
       (358, 0, 77, '1 bed', 358, 1, NULL, 0, 0),
       (359, 0, 77, '2 bed', 359, 1, NULL, 0, 0),
       (360, 0, 77, '3 bed', 360, 1, NULL, 0, 0),
       (361, 0, 78, '0 bed', 361, 1, NULL, 0, 0),
       (362, 0, 78, '1 bed', 362, 1, NULL, 0, 0),
       (363, 0, 78, '2 bed', 363, 1, NULL, 0, 0),
       (364, 0, 78, '3 bed', 364, 1, NULL, 0, 0),
       (365, 0, 79, '0 bed', 365, 1, NULL, 0, 0),
       (366, 0, 79, '1 bed', 366, 0, NULL, 0, 0),
       (367, 0, 79, '2 bed', 367, 0, NULL, 0, 0),
       (368, 0, 79, '3 bed', 368, 0, NULL, 0, 0),
       (369, 0, 79, '4 bed', 369, 1, NULL, 0, 0),
       (370, 0, 79, '5 bed', 370, 1, NULL, 0, 0),
       (371, 0, 80, '0 bed', 371, 1, NULL, 0, 0),
       (372, 0, 80, '1 bed', 372, 1, NULL, 0, 0),
       (373, 0, 80, '2 bed', 373, 1, NULL, 0, 0),
       (374, 0, 80, '3 bed', 374, 1, NULL, 0, 0),
       (375, 0, 80, '4 bed', 375, 1, NULL, 0, 0),
       (376, 0, 80, '5 bed', 376, 1, NULL, 0, 0),
       (377, 0, 81, '0 bed', 377, 1, NULL, 1, 0),
       (378, 0, 81, '1 bed', 378, 1, NULL, 0, 0),
       (379, 0, 81, '2 bed', 379, 1, NULL, 0, 0),
       (380, 0, 82, '0 bed', 380, 1, NULL, 0, 0),
       (381, 0, 82, '1 bed', 381, 1, NULL, 0, 0),
       (382, 0, 82, '2 bed', 382, 1, NULL, 0, 0),
       (383, 0, 82, '3 bed', 383, 1, NULL, 0, 0),
       (384, 0, 82, '4 bed', 384, 1, NULL, 0, 0),
       (385, 0, 82, '5 bed', 385, 1, NULL, 0, 0),
       (386, 0, 83, '0 bed', 386, 1, NULL, 0, 0),
       (387, 0, 83, '1 bed', 387, 1, NULL, 0, 0),
       (388, 0, 83, '2 bed', 388, 1, NULL, 0, 0),
       (389, 0, 83, '3 bed', 389, 1, NULL, 0, 0),
       (390, 0, 84, '0 bed', 390, 1, NULL, 0, 0),
       (391, 0, 84, '1 bed', 391, 1, NULL, 0, 0),
       (392, 0, 84, '2 bed', 392, 1, NULL, 0, 0),
       (393, 0, 84, '3 bed', 393, 1, NULL, 0, 0),
       (394, 0, 84, '4 bed', 394, 1, NULL, 0, 0),
       (395, 0, 84, '5 bed', 395, 1, NULL, 0, 0),
       (396, 0, 85, '0 bed', 396, 1, NULL, 0, 0),
       (397, 0, 85, '1 bed', 397, 1, NULL, 0, 0),
       (398, 0, 85, '2 bed', 398, 1, NULL, 0, 0),
       (399, 0, 85, '3 bed', 399, 1, NULL, 0, 0),
       (400, 0, 85, '4 bed', 400, 1, NULL, 0, 0),
       (401, 0, 85, '5 bed', 401, 1, NULL, 0, 0),
       (402, 0, 85, '6 bed', 402, 1, NULL, 0, 0),
       (403, 0, 86, '0 bed', 403, 1, NULL, 0, 0),
       (404, 0, 86, '1 bed', 404, 1, NULL, 0, 0),
       (405, 0, 86, '2 bed', 405, 1, NULL, 0, 0),
       (406, 0, 86, '3 bed', 406, 1, NULL, 0, 0),
       (407, 0, 87, '0 bed', 407, 1, NULL, 0, 0),
       (408, 0, 87, '1 bed', 408, 1, NULL, 0, 0),
       (409, 0, 87, '2 bed', 409, 1, NULL, 0, 0),
       (410, 0, 88, '0 bed', 410, 1, NULL, 0, 0),
       (411, 0, 88, '1 bed', 411, 1, NULL, 0, 0),
       (412, 0, 88, '2 bed', 412, 1, NULL, 0, 0),
       (413, 0, 88, '3 bed', 413, 1, NULL, 0, 0),
       (414, 0, 88, '4 bed', 414, 1, NULL, 0, 0),
       (415, 0, 88, '5 bed', 415, 1, NULL, 0, 0),
       (416, 0, 89, '0 bed', 416, 1, NULL, 0, 0),
       (417, 0, 89, '1 bed', 417, 1, NULL, 0, 0),
       (418, 0, 89, '2 bed', 418, 1, NULL, 0, 0),
       (419, 0, 89, '3 bed', 419, 1, NULL, 0, 0),
       (420, 0, 89, '4 bed', 420, 1, NULL, 0, 0),
       (421, 0, 89, '5 bed', 421, 1, NULL, 0, 0),
       (422, 0, 89, '6 bed', 422, 1, NULL, 0, 0),
       (423, 0, 90, '0 bed', 423, 1, NULL, 0, 0),
       (424, 0, 90, '1 bed', 424, 1, NULL, 0, 0),
       (425, 0, 90, '2 bed', 425, 1, NULL, 0, 0),
       (426, 0, 90, '3 bed', 426, 1, NULL, 0, 0),
       (427, 0, 90, '4 bed', 427, 1, NULL, 0, 0),
       (428, 0, 91, '0 bed', 428, 1, NULL, 0, 0),
       (429, 0, 91, '1 bed', 429, 1, NULL, 0, 0),
       (430, 0, 91, '2 bed', 430, 1, NULL, 0, 0),
       (431, 0, 91, '3 bed', 431, 1, NULL, 0, 0),
       (432, 0, 91, '4 bed', 432, 1, NULL, 0, 0),
       (433, 0, 92, '0 bed', 433, 1, NULL, 0, 0),
       (434, 0, 92, '1 bed', 434, 1, NULL, 0, 0),
       (435, 0, 92, '2 bed', 435, 1, NULL, 0, 0),
       (436, 0, 93, '0 bed', 436, 1, NULL, 0, 0),
       (437, 0, 93, '1 bed', 437, 1, NULL, 0, 0),
       (438, 0, 93, '2 bed', 438, 1, NULL, 0, 0),
       (439, 0, 94, '0 bed', 439, 1, NULL, 0, 0),
       (440, 0, 94, '1 bed', 440, 1, NULL, 0, 0),
       (441, 0, 94, '2 bed', 441, 1, NULL, 0, 0),
       (442, 0, 94, '3 bed', 442, 1, NULL, 0, 0),
       (443, 0, 94, '4 bed', 443, 1, NULL, 0, 0),
       (444, 0, 94, '5 bed', 444, 1, NULL, 0, 0),
       (445, 0, 95, '0 bed', 445, 1, NULL, 0, 0),
       (446, 0, 95, '1 bed', 446, 1, NULL, 0, 0),
       (447, 0, 95, '2 bed', 447, 1, NULL, 0, 0),
       (448, 0, 96, '0 bed', 448, 1, NULL, 0, 0),
       (449, 0, 96, '1 bed', 449, 1, NULL, 0, 0),
       (450, 0, 96, '2 bed', 450, 1, NULL, 0, 0),
       (451, 0, 96, '3 bed', 451, 1, NULL, 0, 0),
       (452, 0, 97, '0 bed', 452, 1, NULL, 0, 0),
       (453, 0, 97, '1 bed', 453, 1, NULL, 0, 0),
       (454, 0, 97, '2 bed', 454, 1, NULL, 0, 0),
       (455, 0, 97, '3 bed', 455, 1, NULL, 0, 0),
       (456, 0, 97, '4 bed', 456, 1, NULL, 0, 0),
       (457, 0, 98, '0 bed', 457, 1, NULL, 0, 0),
       (458, 0, 98, '1 bed', 458, 1, NULL, 0, 0),
       (459, 0, 98, '2 bed', 459, 1, NULL, 0, 0),
       (460, 0, 98, '3 bed', 460, 1, NULL, 0, 0),
       (461, 0, 99, '0 bed', 461, 1, NULL, 0, 0),
       (462, 0, 99, '1 bed', 462, 1, NULL, 0, 0),
       (463, 0, 99, '2 bed', 463, 1, NULL, 0, 0),
       (464, 0, 99, '3 bed', 464, 1, NULL, 0, 0),
       (465, 0, 99, '4 bed', 465, 1, NULL, 0, 0),
       (466, 0, 100, '0 bed', 466, 1, NULL, 0, 0),
       (467, 0, 100, '1 bed', 467, 1, NULL, 0, 0),
       (468, 0, 100, '2 bed', 468, 1, NULL, 0, 0),
       (469, 0, 101, '0 bed', 469, 1, NULL, 0, 0),
       (470, 0, 101, '1 bed', 470, 1, NULL, 0, 0),
       (471, 0, 101, '2 bed', 471, 1, NULL, 0, 0),
       (472, 0, 102, '0 bed', 472, 1, NULL, 0, 0),
       (473, 0, 102, '1 bed', 473, 1, NULL, 0, 0),
       (474, 0, 103, '0 bed', 474, 1, NULL, 0, 0),
       (475, 0, 103, '1 bed', 475, 1, NULL, 0, 0),
       (476, 0, 103, '2 bed', 476, 1, NULL, 0, 0),
       (477, 0, 103, '3 bed', 477, 1, NULL, 0, 0),
       (478, 0, 104, '0 bed', 478, 1, NULL, 0, 0),
       (479, 0, 104, '1 bed', 479, 1, NULL, 0, 0),
       (480, 0, 104, '2 bed', 480, 1, NULL, 0, 0),
       (481, 0, 104, '3 bed', 481, 1, NULL, 0, 0),
       (482, 0, 104, '4 bed', 482, 1, NULL, 0, 0),
       (483, 0, 104, '5 bed', 483, 0, NULL, 0, 0),
       (484, 0, 104, '6 bed', 484, 1, NULL, 0, 0),
       (485, 0, 105, '0 bed', 485, 1, NULL, 0, 0),
       (486, 0, 105, '1 bed', 486, 1, NULL, 0, 0),
       (487, 0, 105, '2 bed', 487, 1, NULL, 0, 0),
       (488, 0, 105, '3 bed', 488, 1, NULL, 0, 0),
       (489, 0, 105, '4 bed', 489, 1, NULL, 0, 0),
       (490, 0, 105, '5 bed', 490, 1, NULL, 0, 0),
       (491, 0, 106, '0 bed', 491, 1, NULL, 0, 0),
       (492, 0, 106, '1 bed', 492, 1, NULL, 0, 0),
       (493, 0, 106, '2 bed', 493, 1, NULL, 0, 0),
       (494, 0, 106, '3 bed', 494, 1, NULL, 0, 0),
       (495, 0, 106, '4 bed', 495, 1, NULL, 0, 0),
       (496, 0, 106, '5 bed', 496, 1, NULL, 0, 0),
       (497, 0, 107, '0 bed', 497, 1, NULL, 0, 0),
       (498, 0, 107, '1 bed', 498, 1, NULL, 0, 0),
       (499, 0, 107, '2 bed', 499, 1, NULL, 0, 0),
       (500, 0, 107, '3 bed', 500, 1, NULL, 0, 0),
       (501, 0, 107, '4 bed', 501, 1, NULL, 0, 0),
       (502, 0, 107, '5 bed', 502, 1, NULL, 0, 0),
       (503, 0, 108, '0 bed', 503, 1, NULL, 0, 0),
       (504, 0, 108, '1 bed', 504, 1, NULL, 0, 0),
       (505, 0, 108, '2 bed', 505, 1, NULL, 0, 0),
       (506, 0, 108, '3 bed', 506, 1, NULL, 0, 0),
       (507, 0, 109, '0 bed', 507, 1, NULL, 0, 0),
       (508, 0, 109, '1 bed', 508, 1, NULL, 0, 0),
       (509, 0, 109, '2 bed', 509, 1, NULL, 0, 0),
       (510, 0, 109, '3 bed', 510, 1, NULL, 0, 0),
       (511, 0, 109, '4 bed', 511, 1, NULL, 0, 0),
       (512, 0, 109, '5 bed', 512, 1, NULL, 0, 0),
       (513, 0, 109, '6 bed', 513, 1, NULL, 0, 0),
       (514, 0, 110, '0 bed', 514, 1, NULL, 0, 0),
       (515, 0, 110, '1 bed', 515, 1, NULL, 0, 0),
       (516, 0, 110, '2 bed', 516, 1, NULL, 0, 0),
       (517, 0, 111, '0 bed', 517, 1, NULL, 0, 0),
       (518, 0, 111, '1 bed', 518, 1, NULL, 0, 0),
       (519, 0, 112, '0 bed', 519, 1, NULL, 0, 0),
       (520, 0, 112, '1 bed', 520, 1, NULL, 0, 0),
       (521, 0, 112, '2 bed', 521, 1, NULL, 0, 0),
       (522, 0, 112, '3 bed', 522, 1, NULL, 0, 0),
       (523, 0, 113, '0 bed', 523, 1, NULL, 0, 0),
       (524, 0, 113, '1 bed', 524, 1, NULL, 0, 0),
       (525, 0, 113, '2 bed', 525, 1, NULL, 0, 0),
       (526, 0, 113, '3 bed', 526, 1, NULL, 0, 0),
       (527, 0, 114, '0 bed', 527, 1, NULL, 0, 0),
       (528, 0, 114, '1 bed', 528, 1, NULL, 0, 0),
       (529, 0, 114, '2 bed', 529, 1, NULL, 0, 0),
       (530, 0, 114, '3 bed', 530, 1, NULL, 0, 0),
       (531, 0, 115, '0 bed', 531, 1, NULL, 0, 0),
       (532, 0, 115, '1 bed', 532, 1, NULL, 0, 0),
       (533, 0, 115, '2 bed', 533, 1, NULL, 0, 0),
       (534, 0, 115, '3 bed', 534, 1, NULL, 0, 0),
       (535, 0, 115, '4 bed', 535, 1, NULL, 0, 0),
       (536, 0, 116, '0 bed', 536, 1, NULL, 0, 0),
       (537, 0, 116, '1 bed', 537, 1, NULL, 0, 0),
       (538, 0, 116, '2 bed', 538, 1, NULL, 0, 0),
       (539, 0, 117, '0 bed', 539, 1, NULL, 0, 0),
       (540, 0, 117, '1 bed', 540, 1, NULL, 0, 0),
       (541, 0, 117, '2 bed', 541, 1, NULL, 0, 0),
       (542, 0, 117, '3 bed', 542, 1, NULL, 0, 0),
       (543, 0, 118, '0 bed', 543, 1, NULL, 0, 0),
       (544, 0, 118, '1 bed', 544, 1, NULL, 0, 0),
       (545, 0, 118, '2 bed', 545, 1, NULL, 0, 0),
       (546, 0, 119, '0 bed', 546, 1, NULL, 0, 0),
       (547, 0, 119, '1 bed', 547, 1, NULL, 0, 0),
       (548, 0, 119, '2 bed', 548, 1, NULL, 0, 0),
       (549, 0, 120, '0 bed', 549, 1, NULL, 0, 0),
       (550, 0, 120, '1 bed', 550, 1, NULL, 0, 0),
       (551, 0, 120, '2 bed', 551, 1, NULL, 0, 0),
       (552, 0, 121, '0 bed', 552, 1, NULL, 0, 0),
       (553, 0, 121, '1 bed', 553, 1, NULL, 0, 0),
       (554, 0, 121, '2 bed', 554, 1, NULL, 0, 0),
       (555, 0, 121, '3 bed', 555, 1, NULL, 0, 0),
       (556, 0, 122, '0 bed', 556, 1, NULL, 0, 0),
       (557, 0, 122, '1 bed', 557, 1, NULL, 0, 0),
       (558, 0, 122, '2 bed', 558, 1, NULL, 0, 0),
       (559, 0, 123, '0 bed', 559, 1, NULL, 0, 0),
       (560, 0, 123, '1 bed', 560, 1, NULL, 0, 0),
       (561, 0, 123, '2 bed', 561, 1, NULL, 0, 0),
       (562, 0, 124, '0 bed', 562, 1, NULL, 0, 0),
       (563, 0, 124, '1 bed', 563, 1, NULL, 0, 0),
       (564, 0, 124, '2 bed', 564, 1, NULL, 0, 0),
       (565, 0, 125, '0 bed', 565, 1, NULL, 0, 0),
       (566, 0, 125, '1 bed', 566, 1, NULL, 0, 0),
       (567, 0, 125, '2 bed', 567, 1, NULL, 0, 0),
       (568, 0, 126, '0 bed', 568, 1, NULL, 0, 0),
       (569, 0, 126, '1 bed', 569, 1, NULL, 0, 0),
       (570, 0, 126, '2 bed', 570, 1, NULL, 0, 0),
       (571, 0, 126, '3 bed', 571, 1, NULL, 0, 0),
       (572, 0, 127, '0 bed', 572, 1, NULL, 0, 0),
       (573, 0, 127, '1 bed', 573, 1, NULL, 0, 0),
       (574, 0, 127, '2 bed', 574, 1, NULL, 0, 0),
       (575, 0, 127, '3 bed', 575, 1, NULL, 0, 0),
       (576, 0, 127, '4 bed', 576, 1, NULL, 0, 0),
       (577, 0, 127, '5 bed', 577, 1, NULL, 0, 0),
       (578, 0, 127, '6 bed', 578, 1, NULL, 0, 0),
       (579, 0, 128, '0 bed', 579, 1, NULL, 0, 0),
       (580, 0, 128, '1 bed', 580, 1, NULL, 0, 0),
       (581, 0, 128, '2 bed', 581, 1, NULL, 0, 0),
       (582, 0, 129, '0 bed', 582, 1, NULL, 0, 0),
       (583, 0, 129, '1 bed', 583, 1, NULL, 0, 0),
       (584, 0, 130, '0 bed', 584, 0, NULL, 0, 0),
       (585, 0, 130, '1 bed', 585, 1, NULL, 0, 0),
       (586, 0, 130, '2 bed', 586, 1, NULL, 0, 0),
       (587, 0, 130, '3 bed', 587, 1, NULL, 0, 0),
       (588, 0, 130, '4 bed', 588, 1, NULL, 0, 0),
       (589, 0, 131, '0 bed', 589, 0, NULL, 0, 0),
       (590, 0, 131, '1 bed', 590, 1, NULL, 0, 0),
       (591, 0, 131, '2 bed', 591, 1, NULL, 0, 0),
       (592, 0, 131, '3 bed', 592, 1, NULL, 0, 0),
       (593, 0, 131, '4 bed', 593, 1, NULL, 0, 0),
       (594, 0, 131, '5 bed', 594, 1, NULL, 0, 0),
       (595, 0, 131, '6 bed', 595, 1, NULL, 0, 0),
       (596, 0, 132, '0 bed', 596, 1, NULL, 0, 0),
       (597, 0, 132, '1 bed', 597, 1, NULL, 0, 0),
       (598, 0, 132, '2 bed', 598, 1, NULL, 0, 0),
       (599, 0, 132, '3 bed', 599, 1, NULL, 0, 0),
       (600, 0, 132, '4 bed', 600, 1, NULL, 0, 0),
       (601, 0, 132, '5 bed', 601, 1, NULL, 0, 0),
       (602, 0, 133, '0 bed', 602, 1, NULL, 0, 0),
       (603, 0, 133, '1 bed', 603, 1, NULL, 0, 0),
       (604, 0, 133, '2 bed', 604, 1, NULL, 0, 0),
       (605, 0, 134, '0 bed', 605, 1, NULL, 0, 0),
       (606, 0, 134, '1 bed', 606, 1, NULL, 0, 0),
       (607, 0, 134, '2 bed', 607, 1, NULL, 0, 0),
       (608, 0, 134, '3 bed', 608, 1, NULL, 0, 0),
       (609, 0, 134, '4 bed', 609, 1, NULL, 0, 0),
       (610, 0, 135, '0 bed', 610, 1, NULL, 0, 0),
       (611, 0, 135, '1 bed', 611, 1, NULL, 0, 0),
       (612, 0, 135, '2 bed', 612, 1, NULL, 0, 0),
       (613, 0, 135, '3 bed', 613, 1, NULL, 0, 0),
       (614, 0, 135, '4 bed', 614, 1, NULL, 0, 0),
       (615, 0, 136, '0 bed', 615, 0, NULL, 0, 0),
       (616, 0, 136, '1 bed', 616, 1, NULL, 0, 0),
       (617, 0, 136, '2 bed', 617, 1, NULL, 0, 0),
       (618, 0, 136, '3 bed', 618, 1, NULL, 0, 0),
       (619, 0, 137, '0 bed', 619, 1, NULL, 0, 0),
       (620, 0, 137, '1 bed', 620, 1, NULL, 0, 0),
       (621, 0, 137, '2 bed', 621, 1, NULL, 0, 0),
       (622, 0, 137, '3 bed', 622, 1, NULL, 0, 0),
       (623, 0, 137, '4 bed', 623, 1, NULL, 0, 0),
       (624, 0, 138, '0 bed', 624, 1, NULL, 0, 0),
       (625, 0, 138, '1 bed', 625, 1, NULL, 0, 0),
       (626, 0, 138, '2 bed', 626, 1, NULL, 0, 0),
       (627, 0, 138, '3 bed', 627, 1, NULL, 0, 0),
       (628, 0, 138, '4 bed', 628, 1, NULL, 0, 0),
       (629, 0, 138, '5 bed', 629, 1, NULL, 0, 0),
       (630, 0, 139, '0 bed', 630, 1, NULL, 0, 0),
       (631, 0, 139, '1 bed', 631, 1, NULL, 0, 0),
       (632, 0, 139, '2 bed', 632, 1, NULL, 0, 0),
       (633, 0, 139, '3 bed', 633, 1, NULL, 0, 0),
       (634, 0, 139, '4 bed', 634, 1, NULL, 0, 0),
       (635, 0, 139, '5 bed', 635, 1, NULL, 0, 0),
       (636, 0, 140, '0 bed', 636, 1, NULL, 0, 0),
       (637, 0, 140, '1 bed', 637, 1, NULL, 0, 0),
       (638, 0, 141, '0 bed', 638, 1, NULL, 0, 0),
       (639, 0, 141, '1 bed', 639, 1, NULL, 0, 0),
       (640, 0, 141, '2 bed', 640, 1, NULL, 0, 0),
       (641, 0, 141, '3 bed', 641, 1, NULL, 0, 0),
       (642, 0, 142, '0 bed', 642, 1, NULL, 0, 0),
       (643, 0, 142, '1 bed', 643, 1, NULL, 0, 0),
       (644, 0, 142, '2 bed', 644, 1, NULL, 0, 0),
       (645, 0, 142, '3 bed', 645, 1, NULL, 0, 0),
       (646, 0, 142, '4 bed', 646, 1, NULL, 0, 0),
       (647, 0, 143, '0 bed', 647, 1, NULL, 0, 0),
       (648, 0, 143, '1 bed', 648, 1, NULL, 0, 0),
       (649, 0, 143, '2 bed', 649, 1, NULL, 0, 0),
       (650, 0, 143, '3 bed', 650, 1, NULL, 0, 0),
       (651, 0, 143, '4 bed', 651, 1, NULL, 0, 0),
       (652, 0, 143, '5 bed', 652, 1, NULL, 0, 0),
       (653, 0, 144, '0 bed', 653, 1, NULL, 0, 0),
       (654, 0, 144, '1 bed', 654, 1, NULL, 0, 0),
       (655, 0, 144, '2 bed', 655, 1, NULL, 0, 0),
       (656, 0, 145, '0 bed', 656, 1, NULL, 0, 0),
       (657, 0, 145, '1 bed', 657, 1, NULL, 0, 0),
       (658, 0, 145, '2 bed', 658, 1, NULL, 0, 0),
       (659, 0, 146, '0 bed', 659, 1, NULL, 0, 0),
       (660, 0, 146, '1 bed', 660, 1, NULL, 0, 0),
       (661, 0, 146, '2 bed', 661, 1, NULL, 0, 0),
       (662, 0, 146, '3 bed', 662, 1, NULL, 0, 0),
       (663, 0, 147, '0 bed', 663, 1, NULL, 0, 0),
       (664, 0, 147, '1 bed', 664, 1, NULL, 0, 0),
       (665, 0, 148, '0 bed', 665, 1, NULL, 0, 0),
       (666, 0, 148, '1 bed', 666, 1, NULL, 0, 0),
       (667, 0, 148, '2 bed', 667, 1, NULL, 0, 0),
       (668, 0, 148, '3 bed', 668, 1, NULL, 0, 0),
       (669, 0, 148, '4 bed', 669, 1, NULL, 0, 0),
       (670, 0, 148, '5 bed', 670, 1, NULL, 0, 0),
       (671, 0, 149, '0 bed', 671, 1, NULL, 0, 0),
       (672, 0, 149, '1 bed', 672, 1, NULL, 0, 0),
       (673, 0, 149, '2 bed', 673, 1, NULL, 0, 0),
       (674, 0, 150, '0 bed', 674, 1, NULL, 0, 0),
       (675, 0, 150, '1 bed', 675, 1, NULL, 0, 0),
       (676, 0, 150, '2 bed', 676, 1, NULL, 0, 0),
       (677, 0, 150, '3 bed', 677, 1, NULL, 0, 0),
       (678, 0, 150, '4 bed', 678, 1, NULL, 0, 0),
       (679, 0, 150, '5 bed', 679, 1, NULL, 0, 0),
       (680, 0, 151, '0 bed', 680, 1, NULL, 0, 0),
       (681, 0, 151, '1 bed', 681, 1, NULL, 0, 0),
       (682, 0, 151, '2 bed', 682, 1, NULL, 0, 0),
       (683, 0, 151, '3 bed', 683, 1, NULL, 0, 0),
       (684, 0, 151, '4 bed', 684, 1, NULL, 0, 0),
       (685, 0, 152, '0 bed', 685, 1, NULL, 0, 0),
       (686, 0, 152, '1 bed', 686, 1, NULL, 0, 0),
       (687, 0, 152, '2 bed', 687, 1, NULL, 0, 0),
       (688, 0, 152, '3 bed', 688, 1, NULL, 0, 0),
       (689, 0, 152, '4 bed', 689, 1, NULL, 0, 0),
       (690, 0, 152, '5 bed', 690, 1, NULL, 0, 0),
       (691, 0, 153, '0 bed', 691, 1, NULL, 0, 0),
       (692, 0, 153, '1 bed', 692, 1, NULL, 0, 0),
       (693, 0, 154, '0 bed', 693, 1, NULL, 0, 0),
       (694, 0, 154, '1 bed', 694, 1, NULL, 0, 0),
       (695, 0, 154, '2 bed', 695, 1, NULL, 0, 0),
       (696, 0, 155, '0 bed', 696, 1, NULL, 0, 0),
       (697, 0, 155, '1 bed', 697, 1, NULL, 0, 0),
       (698, 0, 155, '2 bed', 698, 1, NULL, 0, 0),
       (699, 0, 155, '3 bed', 699, 1, NULL, 0, 0),
       (700, 0, 155, '4 bed', 700, 1, NULL, 0, 0),
       (701, 0, 155, '5 bed', 701, 1, NULL, 1, 0),
       (702, 0, 155, '6 bed', 702, 1, NULL, 0, 0),
       (703, 0, 156, '0 bed', 703, 1, NULL, 0, 0),
       (704, 0, 156, '1 bed', 704, 1, NULL, 0, 0),
       (705, 0, 157, '0 bed', 705, 1, NULL, 0, 0),
       (706, 0, 157, '1 bed', 706, 1, NULL, 0, 0),
       (707, 0, 157, '2 bed', 707, 1, NULL, 0, 0),
       (708, 0, 158, '0 bed', 708, 1, NULL, 0, 0),
       (709, 0, 158, '1 bed', 709, 1, NULL, 0, 0),
       (710, 0, 159, '0 bed', 710, 1, NULL, 0, 0),
       (711, 0, 159, '1 bed', 711, 1, NULL, 0, 0),
       (712, 0, 159, '2 bed', 712, 1, NULL, 0, 0),
       (713, 0, 159, '3 bed', 713, 1, NULL, 0, 0),
       (714, 0, 159, '4 bed', 714, 1, NULL, 0, 0),
       (715, 0, 160, '0 bed', 715, 1, NULL, 0, 0),
       (716, 0, 160, '1 bed', 716, 1, NULL, 0, 0),
       (717, 0, 160, '2 bed', 717, 1, NULL, 0, 0),
       (718, 0, 160, '3 bed', 718, 1, NULL, 0, 0),
       (719, 0, 160, '4 bed', 719, 0, NULL, 0, 0),
       (720, 0, 161, '0 bed', 720, 1, NULL, 0, 0),
       (721, 0, 161, '1 bed', 721, 1, NULL, 0, 0),
       (722, 0, 162, '0 bed', 722, 1, NULL, 0, 0),
       (723, 0, 162, '1 bed', 723, 1, NULL, 0, 0),
       (724, 0, 162, '2 bed', 724, 1, NULL, 0, 0),
       (725, 0, 162, '3 bed', 725, 1, NULL, 0, 0),
       (726, 0, 163, '0 bed', 726, 1, NULL, 0, 0),
       (727, 0, 163, '1 bed', 727, 1, NULL, 0, 0),
       (728, 0, 163, '2 bed', 728, 1, NULL, 0, 0),
       (729, 0, 163, '3 bed', 729, 1, NULL, 0, 0),
       (730, 0, 164, '0 bed', 730, 1, NULL, 0, 0),
       (731, 0, 164, '1 bed', 731, 1, NULL, 0, 0),
       (732, 0, 164, '2 bed', 732, 1, NULL, 0, 0),
       (733, 0, 164, '3 bed', 733, 1, NULL, 0, 0),
       (734, 0, 164, '4 bed', 734, 1, NULL, 0, 0),
       (735, 0, 165, '0 bed', 735, 1, NULL, 0, 0),
       (736, 0, 165, '1 bed', 736, 1, NULL, 0, 0),
       (737, 0, 165, '2 bed', 737, 1, NULL, 0, 0),
       (738, 0, 165, '3 bed', 738, 1, NULL, 0, 0),
       (739, 0, 166, '0 bed', 739, 1, NULL, 0, 0),
       (740, 0, 166, '1 bed', 740, 1, NULL, 0, 0),
       (741, 0, 166, '2 bed', 741, 1, NULL, 0, 0),
       (742, 0, 167, '0 bed', 742, 1, NULL, 0, 0),
       (743, 0, 167, '1 bed', 743, 1, NULL, 0, 0),
       (744, 0, 167, '2 bed', 744, 1, NULL, 0, 0),
       (745, 0, 167, '3 bed', 745, 1, NULL, 0, 0),
       (746, 0, 167, '4 bed', 746, 1, NULL, 0, 0),
       (747, 0, 168, '0 bed', 747, 1, NULL, 0, 0),
       (748, 0, 168, '1 bed', 748, 1, NULL, 0, 0),
       (749, 0, 168, '2 bed', 749, 1, NULL, 0, 0),
       (750, 0, 168, '3 bed', 750, 1, NULL, 0, 0),
       (751, 0, 168, '4 bed', 751, 1, NULL, 0, 0),
       (752, 0, 168, '5 bed', 752, 1, NULL, 0, 0),
       (753, 0, 169, '0 bed', 753, 1, NULL, 0, 0),
       (754, 0, 169, '1 bed', 754, 1, NULL, 0, 0),
       (755, 0, 169, '2 bed', 755, 1, NULL, 0, 0),
       (756, 0, 170, '0 bed', 756, 1, NULL, 0, 0),
       (757, 0, 170, '1 bed', 757, 1, NULL, 0, 0),
       (758, 0, 170, '2 bed', 758, 1, NULL, 0, 0),
       (759, 0, 170, '3 bed', 759, 1, NULL, 0, 0),
       (760, 0, 170, '4 bed', 760, 1, NULL, 0, 0),
       (761, 0, 171, '0 bed', 761, 1, NULL, 0, 0),
       (762, 0, 171, '1 bed', 762, 1, NULL, 0, 0),
       (763, 0, 171, '2 bed', 763, 1, NULL, 0, 0),
       (764, 0, 171, '3 bed', 764, 1, NULL, 0, 0),
       (765, 0, 171, '4 bed', 765, 1, NULL, 0, 0),
       (766, 0, 171, '5 bed', 766, 1, NULL, 0, 0),
       (767, 0, 172, '0 bed', 767, 1, NULL, 0, 0),
       (768, 0, 172, '1 bed', 768, 1, NULL, 0, 0),
       (769, 0, 172, '2 bed', 769, 1, NULL, 1, 0),
       (770, 0, 172, '3 bed', 770, 1, NULL, 0, 0),
       (771, 0, 172, '4 bed', 771, 1, NULL, 0, 0),
       (772, 0, 172, '5 bed', 772, 1, NULL, 0, 0),
       (773, 0, 173, '0 bed', 773, 1, NULL, 0, 0),
       (774, 0, 173, '1 bed', 774, 1, NULL, 0, 0),
       (775, 0, 173, '2 bed', 775, 1, NULL, 0, 0),
       (776, 0, 173, '3 bed', 776, 1, NULL, 0, 0),
       (777, 0, 173, '4 bed', 777, 1, NULL, 0, 0),
       (778, 0, 173, '5 bed', 778, 1, NULL, 0, 0),
       (779, 0, 174, '0 bed', 779, 1, NULL, 0, 0),
       (780, 0, 174, '1 bed', 780, 1, NULL, 0, 0),
       (781, 0, 174, '2 bed', 781, 1, NULL, 0, 0),
       (782, 0, 174, '3 bed', 782, 1, NULL, 0, 0),
       (783, 0, 174, '4 bed', 783, 1, NULL, 0, 0),
       (784, 0, 174, '5 bed', 784, 1, NULL, 0, 0),
       (785, 0, 174, '6 bed', 785, 1, NULL, 0, 0),
       (786, 0, 175, '0 bed', 786, 1, NULL, 0, 0),
       (787, 0, 175, '1 bed', 787, 1, NULL, 0, 0),
       (788, 0, 175, '2 bed', 788, 1, NULL, 0, 0),
       (789, 0, 175, '3 bed', 789, 1, NULL, 0, 0),
       (790, 0, 176, '0 bed', 790, 1, NULL, 0, 0),
       (791, 0, 176, '1 bed', 791, 1, NULL, 0, 0),
       (792, 0, 176, '2 bed', 792, 1, NULL, 0, 0),
       (793, 0, 176, '3 bed', 793, 1, NULL, 0, 0),
       (794, 0, 176, '4 bed', 794, 1, NULL, 0, 0),
       (795, 0, 176, '5 bed', 795, 1, NULL, 0, 0),
       (796, 0, 177, '0 bed', 796, 1, NULL, 0, 0),
       (797, 0, 177, '1 bed', 797, 1, NULL, 0, 0),
       (798, 0, 177, '2 bed', 798, 1, NULL, 0, 0),
       (799, 0, 178, '0 bed', 799, 1, NULL, 0, 0),
       (800, 0, 178, '1 bed', 800, 1, NULL, 0, 0),
       (801, 0, 178, '2 bed', 801, 1, NULL, 0, 0),
       (802, 0, 178, '3 bed', 802, 1, NULL, 0, 0),
       (803, 0, 179, '0 bed', 803, 1, NULL, 0, 0),
       (804, 0, 179, '1 bed', 804, 1, NULL, 0, 0),
       (805, 0, 179, '2 bed', 805, 1, NULL, 0, 0),
       (806, 0, 179, '3 bed', 806, 1, NULL, 0, 0),
       (807, 0, 179, '4 bed', 807, 1, NULL, 0, 0),
       (808, 0, 180, '0 bed', 808, 1, NULL, 0, 0),
       (809, 0, 180, '1 bed', 809, 1, NULL, 0, 0),
       (810, 0, 180, '2 bed', 810, 1, NULL, 0, 0),
       (811, 0, 180, '3 bed', 811, 1, NULL, 0, 0),
       (812, 0, 180, '4 bed', 812, 1, NULL, 0, 0),
       (813, 0, 181, '0 bed', 813, 1, NULL, 0, 0),
       (814, 0, 181, '1 bed', 814, 1, NULL, 0, 0),
       (815, 0, 181, '2 bed', 815, 1, NULL, 0, 0),
       (816, 0, 182, '0 bed', 816, 1, NULL, 0, 0),
       (817, 0, 182, '1 bed', 817, 1, NULL, 0, 0),
       (818, 0, 182, '2 bed', 818, 1, NULL, 0, 0),
       (819, 0, 182, '3 bed', 819, 1, NULL, 0, 0),
       (820, 0, 182, '4 bed', 820, 1, NULL, 0, 0),
       (821, 0, 182, '5 bed', 821, 1, NULL, 0, 0),
       (822, 0, 183, '0 bed', 822, 1, NULL, 0, 0),
       (823, 0, 183, '1 bed', 823, 1, NULL, 0, 0),
       (824, 0, 183, '2 bed', 824, 1, NULL, 0, 0),
       (825, 0, 183, '3 bed', 825, 1, NULL, 0, 0),
       (826, 0, 183, '4 bed', 826, 1, NULL, 0, 0),
       (827, 0, 183, '5 bed', 827, 1, NULL, 0, 0),
       (828, 0, 184, '0 bed', 828, 1, NULL, 0, 0),
       (829, 0, 184, '1 bed', 829, 1, NULL, 0, 0),
       (830, 0, 184, '2 bed', 830, 1, NULL, 0, 0),
       (831, 0, 185, '0 bed', 831, 1, NULL, 0, 0),
       (832, 0, 185, '1 bed', 832, 1, NULL, 0, 0),
       (833, 0, 185, '2 bed', 833, 1, NULL, 0, 0),
       (834, 0, 186, '0 bed', 834, 1, NULL, 0, 0),
       (835, 0, 186, '1 bed', 835, 1, NULL, 0, 0),
       (836, 0, 187, '0 bed', 836, 1, NULL, 0, 0),
       (837, 0, 187, '1 bed', 837, 1, NULL, 0, 0),
       (838, 0, 187, '2 bed', 838, 1, NULL, 0, 0),
       (839, 0, 187, '3 bed', 839, 1, NULL, 0, 0),
       (840, 0, 187, '4 bed', 840, 1, NULL, 0, 0),
       (841, 0, 188, '0 bed', 841, 0, NULL, 1, 0),
       (842, 0, 188, '1 bed', 842, 1, NULL, 0, 0),
       (843, 0, 189, '0 bed', 843, 1, NULL, 0, 0),
       (844, 0, 189, '1 bed', 844, 1, NULL, 0, 0),
       (845, 0, 189, '2 bed', 845, 1, NULL, 1, 0),
       (846, 0, 190, '0 bed', 846, 1, NULL, 0, 0),
       (847, 0, 190, '1 bed', 847, 1, NULL, 0, 0),
       (848, 0, 190, '2 bed', 848, 1, NULL, 0, 0),
       (849, 0, 190, '3 bed', 849, 1, NULL, 0, 0),
       (850, 0, 190, '4 bed', 850, 1, NULL, 0, 0),
       (851, 0, 190, '5 bed', 851, 1, NULL, 0, 0),
       (852, 0, 190, '6 bed', 852, 1, NULL, 0, 0),
       (853, 0, 191, '0 bed', 853, 1, NULL, 0, 0),
       (854, 0, 191, '1 bed', 854, 1, NULL, 0, 0),
       (855, 0, 191, '2 bed', 855, 1, NULL, 0, 0),
       (856, 0, 191, '3 bed', 856, 1, NULL, 0, 0),
       (857, 0, 191, '4 bed', 857, 1, NULL, 0, 0),
       (858, 0, 191, '5 bed', 858, 1, NULL, 0, 0),
       (859, 0, 192, '0 bed', 859, 1, NULL, 0, 0),
       (860, 0, 192, '1 bed', 860, 1, NULL, 0, 0),
       (861, 0, 192, '2 bed', 861, 1, NULL, 0, 0),
       (862, 0, 192, '3 bed', 862, 1, NULL, 0, 0),
       (863, 0, 192, '4 bed', 863, 1, NULL, 0, 0),
       (864, 0, 193, '0 bed', 864, 1, NULL, 0, 0),
       (865, 0, 193, '1 bed', 865, 1, NULL, 0, 0),
       (866, 0, 194, '0 bed', 866, 1, NULL, 0, 0),
       (867, 0, 194, '1 bed', 867, 1, NULL, 0, 0),
       (868, 0, 194, '2 bed', 868, 1, NULL, 0, 0),
       (869, 0, 194, '3 bed', 869, 1, NULL, 0, 0),
       (870, 0, 195, '0 bed', 870, 1, NULL, 0, 0),
       (871, 0, 195, '1 bed', 871, 1, NULL, 0, 0),
       (872, 0, 195, '2 bed', 872, 1, NULL, 0, 0),
       (873, 0, 195, '3 bed', 873, 1, NULL, 0, 0),
       (874, 0, 196, '0 bed', 874, 1, NULL, 0, 0),
       (875, 0, 196, '1 bed', 875, 1, NULL, 0, 0),
       (876, 0, 196, '2 bed', 876, 1, NULL, 0, 0),
       (877, 0, 196, '3 bed', 877, 1, NULL, 0, 0),
       (878, 0, 196, '4 bed', 878, 1, NULL, 0, 0),
       (879, 0, 196, '5 bed', 879, 1, NULL, 0, 0),
       (880, 0, 197, '0 bed', 880, 1, NULL, 0, 0),
       (881, 0, 197, '1 bed', 881, 1, NULL, 0, 0),
       (882, 0, 198, '0 bed', 882, 1, NULL, 0, 0),
       (883, 0, 198, '1 bed', 883, 1, NULL, 0, 0),
       (884, 0, 198, '2 bed', 884, 1, NULL, 0, 0),
       (885, 0, 198, '3 bed', 885, 1, NULL, 0, 0),
       (886, 0, 198, '4 bed', 886, 1, NULL, 0, 0),
       (887, 0, 198, '5 bed', 887, 1, NULL, 0, 0),
       (888, 0, 199, '0 bed', 888, 1, NULL, 0, 0),
       (889, 0, 199, '1 bed', 889, 1, NULL, 0, 0),
       (890, 0, 199, '2 bed', 890, 1, NULL, 0, 0),
       (891, 0, 200, '0 bed', 891, 1, NULL, 0, 0),
       (892, 0, 200, '1 bed', 892, 1, NULL, 0, 0),
       (893, 0, 200, '2 bed', 893, 1, NULL, 0, 0),
       (894, 0, 201, '0 bed', 894, 1, NULL, 0, 0),
       (895, 0, 201, '1 bed', 895, 1, NULL, 0, 0),
       (896, 0, 202, '0 bed', 896, 1, NULL, 0, 0),
       (897, 0, 202, '1 bed', 897, 1, NULL, 0, 0),
       (898, 0, 202, '2 bed', 898, 1, NULL, 0, 0),
       (899, 0, 202, '3 bed', 899, 1, NULL, 0, 0),
       (900, 0, 202, '4 bed', 900, 1, NULL, 0, 0),
       (901, 0, 203, '0 bed', 901, 1, NULL, 0, 0),
       (902, 0, 203, '1 bed', 902, 1, NULL, 0, 0),
       (903, 0, 203, '2 bed', 903, 1, NULL, 0, 0),
       (904, 0, 203, '3 bed', 904, 1, NULL, 0, 0),
       (905, 0, 203, '4 bed', 905, 1, NULL, 0, 0),
       (906, 0, 204, '0 bed', 906, 1, NULL, 0, 0),
       (907, 0, 204, '1 bed', 907, 1, NULL, 0, 0),
       (908, 0, 205, '0 bed', 908, 1, NULL, 0, 0),
       (909, 0, 205, '1 bed', 909, 1, NULL, 0, 0),
       (910, 0, 205, '2 bed', 910, 1, NULL, 0, 0),
       (911, 0, 205, '3 bed', 911, 1, NULL, 0, 0),
       (912, 0, 206, '0 bed', 912, 1, NULL, 0, 0),
       (913, 0, 206, '1 bed', 913, 1, NULL, 0, 0),
       (914, 0, 206, '2 bed', 914, 1, NULL, 0, 0),
       (915, 0, 206, '3 bed', 915, 1, NULL, 0, 0),
       (916, 0, 207, '0 bed', 916, 1, NULL, 0, 0),
       (917, 0, 207, '1 bed', 917, 1, NULL, 0, 0),
       (918, 0, 208, '0 bed', 918, 1, NULL, 0, 0),
       (919, 0, 208, '1 bed', 919, 1, NULL, 0, 0),
       (920, 0, 208, '2 bed', 920, 1, NULL, 0, 0),
       (921, 0, 208, '3 bed', 921, 1, NULL, 0, 0),
       (922, 0, 208, '4 bed', 922, 1, NULL, 0, 0),
       (923, 0, 208, '5 bed', 923, 1, NULL, 0, 0),
       (924, 0, 208, '6 bed', 924, 1, NULL, 0, 0),
       (925, 0, 209, '0 bed', 925, 0, NULL, 0, 0),
       (926, 0, 209, '1 bed', 926, 1, NULL, 0, 0),
       (927, 0, 209, '2 bed', 927, 1, NULL, 0, 0),
       (928, 0, 209, '3 bed', 928, 1, NULL, 0, 0),
       (929, 0, 209, '4 bed', 929, 1, NULL, 0, 0),
       (930, 0, 210, '0 bed', 930, 1, NULL, 0, 0),
       (931, 0, 210, '1 bed', 931, 1, NULL, 0, 0),
       (932, 0, 210, '2 bed', 932, 1, NULL, 0, 0),
       (933, 0, 211, '0 bed', 933, 1, NULL, 0, 0),
       (934, 0, 211, '1 bed', 934, 1, NULL, 0, 0),
       (935, 0, 211, '2 bed', 935, 1, NULL, 0, 0),
       (936, 0, 211, '3 bed', 936, 1, NULL, 0, 0),
       (937, 0, 212, '0 bed', 937, 1, NULL, 0, 0),
       (938, 0, 212, '1 bed', 938, 1, NULL, 0, 0),
       (939, 0, 212, '2 bed', 939, 1, NULL, 0, 0),
       (940, 0, 212, '3 bed', 940, 1, NULL, 0, 0),
       (941, 0, 212, '4 bed', 941, 1, NULL, 0, 0),
       (942, 0, 213, '0 bed', 942, 1, NULL, 0, 0),
       (943, 0, 213, '1 bed', 943, 1, NULL, 0, 0),
       (944, 0, 213, '2 bed', 944, 1, NULL, 0, 0),
       (945, 0, 213, '3 bed', 945, 1, NULL, 0, 0),
       (946, 0, 213, '4 bed', 946, 1, NULL, 0, 0),
       (947, 0, 213, '5 bed', 947, 1, NULL, 0, 0),
       (948, 0, 214, '0 bed', 948, 1, NULL, 0, 0),
       (949, 0, 214, '1 bed', 949, 1, NULL, 0, 0),
       (950, 0, 214, '2 bed', 950, 1, NULL, 1, 0),
       (951, 0, 214, '3 bed', 951, 1, NULL, 0, 0),
       (952, 0, 214, '4 bed', 952, 1, NULL, 0, 0),
       (953, 0, 214, '5 bed', 953, 1, NULL, 0, 0),
       (954, 0, 214, '6 bed', 954, 1, NULL, 0, 0),
       (955, 0, 215, '0 bed', 955, 1, NULL, 0, 0),
       (956, 0, 215, '1 bed', 956, 1, NULL, 0, 0),
       (957, 0, 215, '2 bed', 957, 1, NULL, 0, 0),
       (958, 0, 216, '0 bed', 958, 1, NULL, 0, 0),
       (959, 0, 216, '1 bed', 959, 1, NULL, 0, 0),
       (960, 0, 216, '2 bed', 960, 1, NULL, 0, 0),
       (961, 0, 217, '0 bed', 961, 1, NULL, 0, 0),
       (962, 0, 217, '1 bed', 962, 1, NULL, 0, 0),
       (963, 0, 218, '0 bed', 963, 1, NULL, 0, 0),
       (964, 0, 218, '1 bed', 964, 1, NULL, 0, 0),
       (965, 0, 218, '2 bed', 965, 1, NULL, 0, 0),
       (966, 0, 218, '3 bed', 966, 1, NULL, 0, 0),
       (967, 0, 219, '0 bed', 967, 1, NULL, 0, 0),
       (968, 0, 219, '1 bed', 968, 1, NULL, 0, 0),
       (969, 0, 219, '2 bed', 969, 1, NULL, 0, 0),
       (970, 0, 220, '0 bed', 970, 1, NULL, 0, 0),
       (971, 0, 220, '1 bed', 971, 1, NULL, 0, 0),
       (972, 0, 220, '2 bed', 972, 1, NULL, 0, 0),
       (973, 0, 221, '0 bed', 973, 1, NULL, 0, 0),
       (974, 0, 221, '1 bed', 974, 1, NULL, 0, 0),
       (975, 0, 221, '2 bed', 975, 1, NULL, 0, 0),
       (976, 0, 221, '3 bed', 976, 1, NULL, 0, 0),
       (977, 0, 221, '4 bed', 977, 1, NULL, 0, 0),
       (978, 0, 221, '5 bed', 978, 1, NULL, 0, 0),
       (979, 0, 222, '0 bed', 979, 1, NULL, 0, 0),
       (980, 0, 222, '1 bed', 980, 1, NULL, 0, 0),
       (981, 0, 222, '2 bed', 981, 1, NULL, 0, 0),
       (982, 0, 222, '3 bed', 982, 1, NULL, 0, 0),
       (983, 0, 222, '4 bed', 983, 1, NULL, 0, 0),
       (984, 0, 223, '0 bed', 984, 1, NULL, 0, 0),
       (985, 0, 223, '1 bed', 985, 1, NULL, 0, 0),
       (986, 0, 223, '2 bed', 986, 1, NULL, 0, 0),
       (987, 0, 223, '3 bed', 987, 1, NULL, 0, 0),
       (988, 0, 223, '4 bed', 988, 1, NULL, 0, 0),
       (989, 0, 223, '5 bed', 989, 1, NULL, 0, 0),
       (990, 0, 224, '0 bed', 990, 1, NULL, 0, 0),
       (991, 0, 224, '1 bed', 991, 1, NULL, 0, 0),
       (992, 0, 224, '2 bed', 992, 1, NULL, 0, 0),
       (993, 0, 224, '3 bed', 993, 1, NULL, 0, 0),
       (994, 0, 224, '4 bed', 994, 1, NULL, 0, 0),
       (995, 0, 224, '5 bed', 995, 1, NULL, 0, 0),
       (996, 0, 224, '6 bed', 996, 1, NULL, 0, 0),
       (997, 0, 225, '0 bed', 997, 1, NULL, 0, 0),
       (998, 0, 225, '1 bed', 998, 1, NULL, 0, 0),
       (999, 0, 225, '2 bed', 999, 1, NULL, 0, 0),
       (1000, 0, 225, '3 bed', 1000, 1, NULL, 0, 0),
       (1001, 0, 225, '4 bed', 1001, 1, NULL, 0, 0),
       (1002, 0, 226, '0 bed', 1002, 1, NULL, 0, 0),
       (1003, 0, 226, '1 bed', 1003, 1, NULL, 0, 0),
       (1004, 0, 226, '2 bed', 1004, 1, NULL, 0, 0),
       (1005, 0, 227, '0 bed', 1005, 1, NULL, 0, 0),
       (1006, 0, 227, '1 bed', 1006, 1, NULL, 0, 0),
       (1007, 0, 227, '2 bed', 1007, 1, NULL, 0, 0),
       (1008, 0, 227, '3 bed', 1008, 1, NULL, 0, 0),
       (1009, 0, 227, '4 bed', 1009, 1, NULL, 0, 0),
       (1010, 0, 228, '0 bed', 1010, 1, NULL, 0, 0),
       (1011, 0, 228, '1 bed', 1011, 1, NULL, 0, 0),
       (1012, 0, 228, '2 bed', 1012, 1, NULL, 0, 0),
       (1013, 0, 229, '0 bed', 1013, 1, NULL, 0, 0),
       (1014, 0, 229, '1 bed', 1014, 1, NULL, 0, 0),
       (1015, 0, 230, '0 bed', 1015, 1, NULL, 0, 0),
       (1016, 0, 230, '1 bed', 1016, 1, NULL, 0, 0),
       (1017, 0, 230, '2 bed', 1017, 1, NULL, 0, 0),
       (1018, 0, 230, '3 bed', 1018, 1, NULL, 0, 0),
       (1019, 0, 230, '4 bed', 1019, 1, NULL, 0, 0),
       (1020, 0, 230, '5 bed', 1020, 1, NULL, 0, 0),
       (1021, 0, 231, '0 bed', 1021, 1, NULL, 0, 0),
       (1022, 0, 231, '1 bed', 1022, 1, NULL, 0, 0),
       (1023, 0, 231, '2 bed', 1023, 1, NULL, 0, 0),
       (1024, 0, 231, '3 bed', 1024, 1, NULL, 0, 0),
       (1025, 0, 232, '0 bed', 1025, 1, NULL, 0, 0),
       (1026, 0, 232, '1 bed', 1026, 1, NULL, 0, 0),
       (1027, 0, 232, '2 bed', 1027, 1, NULL, 0, 0),
       (1028, 0, 232, '3 bed', 1028, 1, NULL, 0, 0),
       (1029, 0, 233, '0 bed', 1029, 1, NULL, 0, 0),
       (1030, 0, 233, '1 bed', 1030, 1, NULL, 0, 0),
       (1031, 0, 233, '2 bed', 1031, 1, NULL, 0, 0),
       (1032, 0, 233, '3 bed', 1032, 1, NULL, 0, 0),
       (1033, 0, 234, '0 bed', 1033, 1, NULL, 0, 0),
       (1034, 0, 234, '1 bed', 1034, 1, NULL, 0, 0),
       (1035, 0, 234, '2 bed', 1035, 1, NULL, 0, 0),
       (1036, 0, 234, '3 bed', 1036, 0, NULL, 0, 0),
       (1037, 0, 234, '4 bed', 1037, 1, NULL, 0, 0),
       (1038, 0, 235, '0 bed', 1038, 1, NULL, 0, 0),
       (1039, 0, 235, '1 bed', 1039, 1, NULL, 0, 0),
       (1040, 0, 235, '2 bed', 1040, 1, NULL, 0, 0),
       (1041, 0, 235, '3 bed', 1041, 1, NULL, 0, 0),
       (1042, 0, 235, '4 bed', 1042, 1, NULL, 0, 0),
       (1043, 0, 236, '0 bed', 1043, 1, NULL, 0, 0),
       (1044, 0, 236, '1 bed', 1044, 1, NULL, 0, 0),
       (1045, 0, 236, '2 bed', 1045, 1, NULL, 0, 0),
       (1046, 0, 236, '3 bed', 1046, 1, NULL, 0, 0),
       (1047, 0, 236, '4 bed', 1047, 1, NULL, 0, 0),
       (1048, 0, 237, '0 bed', 1048, 1, NULL, 0, 0),
       (1049, 0, 237, '1 bed', 1049, 1, NULL, 0, 0),
       (1050, 0, 237, '2 bed', 1050, 1, NULL, 0, 0),
       (1051, 0, 237, '3 bed', 1051, 1, NULL, 0, 0),
       (1052, 0, 238, '0 bed', 1052, 1, NULL, 0, 0),
       (1053, 0, 238, '1 bed', 1053, 1, NULL, 0, 0),
       (1054, 0, 238, '2 bed', 1054, 1, NULL, 0, 0),
       (1055, 0, 238, '3 bed', 1055, 1, NULL, 0, 0),
       (1056, 0, 238, '4 bed', 1056, 1, NULL, 0, 0),
       (1057, 0, 238, '5 bed', 1057, 1, NULL, 0, 0),
       (1058, 0, 238, '6 bed', 1058, 1, NULL, 0, 0),
       (1059, 0, 239, '0 bed', 1059, 1, NULL, 0, 0),
       (1060, 0, 239, '1 bed', 1060, 1, NULL, 0, 0),
       (1061, 0, 239, '2 bed', 1061, 1, NULL, 0, 0),
       (1062, 0, 239, '3 bed', 1062, 1, NULL, 0, 0),
       (1063, 0, 239, '4 bed', 1063, 1, NULL, 0, 0),
       (1064, 0, 239, '5 bed', 1064, 1, NULL, 0, 0),
       (1065, 0, 240, '0 bed', 1065, 1, NULL, 0, 0),
       (1066, 0, 240, '1 bed', 1066, 1, NULL, 0, 0),
       (1067, 0, 240, '2 bed', 1067, 0, NULL, 0, 0),
       (1068, 0, 240, '3 bed', 1068, 1, NULL, 0, 0),
       (1069, 0, 241, '0 bed', 1069, 1, NULL, 0, 0),
       (1070, 0, 241, '1 bed', 1070, 1, NULL, 0, 0),
       (1071, 0, 241, '2 bed', 1071, 1, NULL, 0, 0),
       (1072, 0, 241, '3 bed', 1072, 1, NULL, 0, 0),
       (1073, 0, 241, '4 bed', 1073, 1, NULL, 0, 0),
       (1074, 0, 242, '0 bed', 1074, 1, NULL, 0, 0),
       (1075, 0, 242, '1 bed', 1075, 1, NULL, 0, 0),
       (1076, 0, 242, '2 bed', 1076, 1, NULL, 0, 0),
       (1077, 0, 243, '0 bed', 1077, 1, NULL, 0, 0),
       (1078, 0, 243, '1 bed', 1078, 1, NULL, 0, 0),
       (1079, 0, 243, '2 bed', 1079, 1, NULL, 0, 0),
       (1080, 0, 243, '3 bed', 1080, 1, NULL, 0, 0),
       (1081, 0, 243, '4 bed', 1081, 1, NULL, 0, 0),
       (1082, 0, 243, '5 bed', 1082, 1, NULL, 0, 0),
       (1083, 0, 243, '6 bed', 1083, 1, NULL, 0, 0),
       (1084, 0, 244, '0 bed', 1084, 1, NULL, 0, 0),
       (1085, 0, 244, '1 bed', 1085, 1, NULL, 0, 0),
       (1086, 0, 244, '2 bed', 1086, 1, NULL, 0, 0),
       (1087, 0, 244, '3 bed', 1087, 1, NULL, 0, 0),
       (1088, 0, 244, '4 bed', 1088, 1, NULL, 0, 0),
       (1089, 0, 245, '0 bed', 1089, 1, NULL, 0, 0),
       (1090, 0, 245, '1 bed', 1090, 1, NULL, 0, 0),
       (1091, 0, 246, '0 bed', 1091, 1, NULL, 0, 0),
       (1092, 0, 246, '1 bed', 1092, 1, NULL, 0, 0),
       (1093, 0, 246, '2 bed', 1093, 1, NULL, 0, 0),
       (1094, 0, 246, '3 bed', 1094, 1, NULL, 0, 0),
       (1095, 0, 246, '4 bed', 1095, 1, NULL, 0, 0),
       (1096, 0, 247, '0 bed', 1096, 1, NULL, 0, 0),
       (1097, 0, 247, '1 bed', 1097, 1, NULL, 0, 0),
       (1098, 0, 248, '0 bed', 1098, 1, NULL, 0, 0),
       (1099, 0, 248, '1 bed', 1099, 1, NULL, 0, 0),
       (1100, 0, 248, '2 bed', 1100, 1, NULL, 0, 0),
       (1101, 0, 248, '3 bed', 1101, 1, NULL, 0, 0),
       (1102, 0, 249, '0 bed', 1102, 1, NULL, 0, 0),
       (1103, 0, 249, '1 bed', 1103, 1, NULL, 0, 0),
       (1104, 0, 249, '2 bed', 1104, 1, NULL, 0, 0),
       (1105, 0, 249, '3 bed', 1105, 1, NULL, 0, 0),
       (1106, 0, 249, '4 bed', 1106, 1, NULL, 0, 0),
       (1107, 0, 249, '5 bed', 1107, 1, NULL, 0, 0),
       (1108, 0, 249, '6 bed', 1108, 1, NULL, 0, 0),
       (1109, 0, 250, '0 bed', 1109, 1, NULL, 0, 0),
       (1110, 0, 250, '1 bed', 1110, 1, NULL, 0, 0),
       (1111, 0, 250, '2 bed', 1111, 1, NULL, 0, 0),
       (1112, 0, 250, '3 bed', 1112, 1, NULL, 0, 0),
       (1113, 0, 250, '4 bed', 1113, 1, NULL, 0, 0),
       (1114, 0, 251, '0 bed', 1114, 1, NULL, 0, 0),
       (1115, 0, 251, '1 bed', 1115, 1, NULL, 0, 0),
       (1116, 0, 251, '2 bed', 1116, 1, NULL, 0, 0),
       (1117, 0, 251, '3 bed', 1117, 1, NULL, 0, 0),
       (1118, 0, 251, '4 bed', 1118, 1, NULL, 0, 0),
       (1119, 0, 251, '5 bed', 1119, 1, NULL, 0, 0),
       (1120, 0, 251, '6 bed', 1120, 1, NULL, 0, 0);

-- --------------------------------------------------------

--
-- 表的结构 `buildings`
--

CREATE TABLE `buildings`
(
    `id`        int(10) NOT NULL COMMENT '主键，自增',
    `name`      varchar(100)  NOT NULL COMMENT '楼名称',
    `order_num` int(10) NOT NULL COMMENT '排序号码，号码小的在前面',
    `is_valid`  int(10) NOT NULL DEFAULT '1' COMMENT '是否有效，无效的楼不参加在线选择',
    `remarks`   varchar(1000) DEFAULT NULL COMMENT '备注，仅管理员可见',
    `describe`  varchar(1000) NOT NULL COMMENT '描述，可支持富文本，用户可见',
    `image_url` varchar(100)  NOT NULL COMMENT '图片地址，仅支持一张图片',
    `is_del`    int(10) NOT NULL DEFAULT '0' COMMENT '1代表删除',
    `status`    int(10) NOT NULL DEFAULT '0' COMMENT '备用'
) ENGINE=InnoDB DEFAULT CHARSET=utf8;

--
-- 转存表中的数据 `buildings`
--

INSERT INTO `buildings` (`id`, `name`, `order_num`, `is_valid`, `remarks`, `describe`, `image_url`, `is_del`, `status`)
VALUES (1, '1 building', 1, 1, NULL, 'this is 1 building', 'url of 1 building', 0, 0),
       (2, '2 building', 2, 1, NULL, 'this is 2 building', 'url of 2 building', 0, 0),
       (3, '3 building', 3, 1, NULL, 'this is 3 building', 'url of 3 building', 0, 0),
       (4, '4 building', 4, 1, NULL, 'this is 4 building', 'url of 4 building', 0, 0),
       (5, '5 building', 5, 1, NULL, 'this is 5 building', 'url of 5 building', 0, 0),
       (6, '6 building', 6, 1, NULL, 'this is 6 building', 'url of 6 building', 0, 0);

-- --------------------------------------------------------

--
-- 表的结构 `class`
--

CREATE TABLE `class`
(
    `id`      int(10) NOT NULL COMMENT '主键，自增',
    `name`    varchar(20) NOT NULL COMMENT '班级姓名',
    `remarks` varchar(1000) DEFAULT NULL COMMENT '备注，仅管理员可见',
    `is_del`  int(10) NOT NULL DEFAULT '0' COMMENT '1代表删除',
    `status`  int(10) NOT NULL DEFAULT '0' COMMENT '备用'
) ENGINE=InnoDB DEFAULT CHARSET=utf8;

--
-- 转存表中的数据 `class`
--

INSERT INTO `class` (`id`, `name`, `remarks`, `is_del`, `status`)
VALUES (1, '1班', NULL, 0, 0);

-- --------------------------------------------------------

--
-- 表的结构 `class_room`
--

CREATE TABLE `class_room`
(
    `id`       int(10) NOT NULL COMMENT '主键，自增',
    `class_id` int(10) NOT NULL COMMENT '班级表中的id',
    `room_id`  int(10) NOT NULL COMMENT '宿舍表中的id',
    `remarks`  varchar(1000) NOT NULL COMMENT '备注，仅管理员可见',
    `is_del`   int(10) NOT NULL DEFAULT '0' COMMENT '1代表删除',
    `status`   int(10) NOT NULL DEFAULT '0' COMMENT '备用'
) ENGINE=InnoDB DEFAULT CHARSET=utf8;

-- --------------------------------------------------------

--
-- 表的结构 `groups`
--

CREATE TABLE `groups`
(
    `id`          int(10) NOT NULL COMMENT '主键，自增',
    `name`        varchar(100)  NOT NULL COMMENT '队伍名称',
    `invite_code` varchar(100)  NOT NULL COMMENT '加入口令',
    `describes`   varchar(1000) NOT NULL COMMENT '队伍描述，用户可见',
    `is_del`      int(10) NOT NULL DEFAULT '0' COMMENT '只有队伍中没有其他成员，方可删除',
    `status`      int(10) NOT NULL DEFAULT '0' COMMENT '如果改组分配宿舍成功，置为1，将不可以再进行队伍的操作'
) ENGINE=InnoDB DEFAULT CHARSET=utf8;

--
-- 转存表中的数据 `groups`
--

INSERT INTO `groups` (`id`, `name`, `invite_code`, `describes`, `is_del`, `status`)
VALUES (9, '1team', '12e9937c-8160-46a0-b765-4c1bdf2cb043', 'this is my team', 0, 0),
       (10, '1team', 'c8b9e309-779a-4e5e-aff1-afefc5823037', 'this is my team', 1, 0),
       (11, '1team', 'c904b944-8651-4ac8-b0ff-873f876dc2b3', 'this is my team', 0, 0),
       (12, '1team', '7f610cfe-737b-4ba6-af52-292dd7c8ff1d', 'this is my team', 1, 0),
       (13, '1team', 'aea48115-e81c-42a4-8fa7-f28d68287165', 'this is my team', 1, 0),
       (14, '1team', '16be6324-6a57-4535-9dc8-e5ec8e3c5536', 'this is my team', 1, 0),
       (15, '1team', 'c4fc7a28-a974-4063-abb0-96b346e8b6a8', 'this is my team', 0, 0),
       (16, '1team', '1f60e0f3-ffdf-4887-8a66-58e4351944ce', 'this is my team', 0, 0);

-- --------------------------------------------------------

--
-- 表的结构 `groups_user`
--

CREATE TABLE `groups_user`
(
    `id`         int(10) NOT NULL COMMENT '主键，自增',
    `uid`        int(10) NOT NULL COMMENT 'user表中的id',
    `is_creator` int(10) NOT NULL DEFAULT '0' COMMENT '是否为创建人，1为是，0为否',
    `group_id`   int(10) NOT NULL COMMENT '	groups表中的id',
    `is_del`     int(10) NOT NULL DEFAULT '0' COMMENT '1代表删除，离开前置为1',
    `join_time`  int(11) NOT NULL COMMENT '加入时间',
    `leave_time` int(11) NOT NULL COMMENT '离开时间',
    `status`     int(10) NOT NULL DEFAULT '0' COMMENT '备用'
) ENGINE=InnoDB DEFAULT CHARSET=utf8;

--
-- 转存表中的数据 `groups_user`
--

INSERT INTO `groups_user` (`id`, `uid`, `is_creator`, `group_id`, `is_del`, `join_time`, `leave_time`, `status`)
VALUES (12, 1, 1, 9, 1, 1669559607, 1669560796, 0),
       (13, 7, 0, 9, 1, 1669559858, 1669560882, 0),
       (14, 1, 1, 10, 1, 1669560890, 1669561726, 0),
       (15, 7, 1, 11, 1, 1669561073, 1669561081, 0),
       (16, 7, 1, 12, 1, 1669561578, 1669561588, 0),
       (17, 7, 0, 10, 1, 1669561659, 1669561702, 0),
       (18, 1, 1, 13, 1, 1669561766, 1669562718, 0),
       (19, 7, 0, 13, 1, 1669561813, 1669561830, 0),
       (20, 1, 0, 14, 1, 1669562781, 1669562881, 0),
       (21, 7, 1, 14, 1, 1669562804, 1669562896, 0),
       (22, 2, 1, 15, 0, 1669562847, 0, 0),
       (23, 1, 1, 16, 0, 1669649153, 0, 0),
       (24, 7, 0, 16, 0, 1669649170, 0, 0);

-- --------------------------------------------------------

--
-- 表的结构 `logs`
--

CREATE TABLE `logs`
(
    `id`          int(10) NOT NULL COMMENT '主键，自增',
    `uid`         int(10) DEFAULT '0' COMMENT '操作用户id',
    `operation`   varchar(500)  NOT NULL COMMENT '操作模块名称',
    `client_ip`   varchar(50)   NOT NULL COMMENT '客户端IP',
    `create_time` int(11) NOT NULL COMMENT '创建时间',
    `content`     varchar(1000) NOT NULL COMMENT '操作详情',
    `status`      int(10) NOT NULL DEFAULT '0' COMMENT '0 成功 1 失败',
    `is_del`      int(10) NOT NULL DEFAULT '0' COMMENT '1代表删除'
) ENGINE=InnoDB DEFAULT CHARSET=utf8;

-- --------------------------------------------------------

--
-- 表的结构 `orders`
--

CREATE TABLE `orders`
(
    `id`             int(10) NOT NULL COMMENT '主键，自增',
    `uid`            int(10) DEFAULT '0' COMMENT '提交人，user表中的id',
    `group_id`       int(10) NOT NULL DEFAULT '0' COMMENT 'groups表中的id，如果未组队，该值为0',
    `building_id`    int(10) NOT NULL COMMENT 'building表中的id',
    `submit_time`    int(11) NOT NULL COMMENT '下单时间，用户提交表单时间',
    `create_time`    int(11) NOT NULL COMMENT '订单生成时间，仅后台可见',
    `finish_time`    int(11) NOT NULL DEFAULT '0' COMMENT '订单完成时间，仅后台可见',
    `room_id`        int(10) NOT NULL COMMENT 'room表中的id',
    `remarks`        varchar(1000) DEFAULT NULL COMMENT '备注，仅管理员可见',
    `is_del`         int(10) NOT NULL DEFAULT '0' COMMENT '1代表删除',
    `status`         int(10) NOT NULL DEFAULT '0' COMMENT '0未处理，1处理成功，2处理失败',
    `result_content` varchar(1000) NOT NULL COMMENT '订单处理结果（如什么原因失败，或者分配了哪个宿舍），用户可见'
) ENGINE=InnoDB DEFAULT CHARSET=utf8;

--
-- 转存表中的数据 `orders`
--

INSERT INTO `orders` (`id`, `uid`, `group_id`, `building_id`, `submit_time`, `create_time`, `finish_time`, `room_id`,
                      `remarks`, `is_del`, `status`, `result_content`)
VALUES (1, 1, 0, 1, 1669364775, 1669364775, 0, -1, NULL, 0, 0, 'Waiting for processing'),
       (2, 1, 0, 1, 1669365017, 1669365017, 0, -1, NULL, 0, 0, 'Waiting for processing'),
       (3, 1, 0, 1, 1669365019, 1669365019, 0, -1, NULL, 0, 0, 'Waiting for processing'),
       (4, 1, 0, 1, 1669365019, 1669365019, 0, -1, NULL, 0, 0, 'Waiting for processing'),
       (5, 1, 0, 1, 1669365020, 1669365020, 0, -1, NULL, 0, 0, 'Waiting for processing'),
       (6, 1, 0, 1, 1669365021, 1669365021, 0, -1, NULL, 0, 0, 'Waiting for processing'),
       (7, 1, 0, 1, 1669365528, 1669365528, 0, -1, NULL, 0, 0, 'Waiting for processing'),
       (8, 1, 0, 1, 1669366233, 1669366233, 0, -1, NULL, 0, 0, 'Waiting for processing'),
       (9, 1, 0, 1, 1669366246, 1669366246, 0, -1, NULL, 0, 0, 'Waiting for processing'),
       (10, 1, 0, 1, 1669388124, 1669388124, 1669389113, -1, NULL, 0, 2, '一号已经住宿'),
       (11, 1, 0, 1, 1669389157, 1669389157, 1669389165, -1, NULL, 0, 2, '一号已经住宿'),
       (12, 1, 0, 1, 1669389249, 1669389249, 1669389371, 1, NULL, 0, 1, '处理成功, roomId:1'),
       (13, 1, 1, 1, 1669390002, 1669390002, 1669390011, -1, NULL, 0, 2, '一号已经住宿'),
       (14, 1, 1, 1, 1669390079, 1669390079, 1669390079, -1, NULL, 0, 2, '一号已经住宿'),
       (15, 1, 1, 1, 1669390124, 1669390124, 1669390130, 1, NULL, 0, 1, '处理成功, roomId:1'),
       (16, 1, 1, 1, 1669390206, 1669390206, 1669390206, -1, NULL, 0, 2, '订单总人数是否超限4'),
       (17, 1, 1, 1, 1669390283, 1669390283, 1669390283, -1, NULL, 0, 2, '三号成员被删除'),
       (18, 1, 1, 1, 1669390323, 1669390323, 1669390323, -1, NULL, 0, 2, '二号性别不一致'),
       (19, 2, 1, 1, 1669390348, 1669390348, 1669390348, -1, NULL, 0, 2, '二号性别不一致'),
       (20, 7, 0, 1, 1669390435, 1669390435, 1669390435, 1, NULL, 0, 1, '处理成功, roomId:1'),
       (21, 7, 0, 1, 1669390454, 1669390454, 1669390455, -1, NULL, 0, 2, '7号已经住宿'),
       (22, 1, 1, 1, 1669390485, 1669390485, 1669390485, -1, NULL, 0, 2, '7号已经住宿'),
       (23, 1, 1, 1, 1669390522, 1669390522, 1669390522, -1, NULL, 0, 2, 'Group中存在重复的成员'),
       (24, 1, 0, 1, 1669649099, 1669649099, 1669649100, 1, NULL, 0, 1, '处理成功, roomId:1'),
       (25, 7, 16, 1, 1669649204, 1669649204, 1669649204, 1, NULL, 0, 1, '处理成功, roomId:1'),
       (26, 7, 16, 1, 1669649396, 1669649396, 1669649396, -1, NULL, 0, 2, '一号已经住宿');

-- --------------------------------------------------------

--
-- 表的结构 `rooms`
--

CREATE TABLE `rooms`
(
    `id`          int(10) NOT NULL COMMENT '主键，自增',
    `building_id` int(10) NOT NULL COMMENT 'buildings表中的id',
    `name`        varchar(100)  NOT NULL COMMENT '宿舍名称',
    `gender`      int(10) NOT NULL COMMENT '性别：0为女 1为男',
    `order_num`   int(10) NOT NULL COMMENT '排序号码，号码小的在前面',
    `is_valid`    int(10) NOT NULL DEFAULT '1' COMMENT '是否有效，无效的宿舍不参加在线选择',
    `remarks`     varchar(1000) DEFAULT NULL COMMENT '备注，仅管理员可见',
    `describe`    varchar(1000) NOT NULL COMMENT '描述，可支持富文本，用户可见',
    `image_url`   varchar(100)  NOT NULL COMMENT '图片地址，仅支持一张图片',
    `is_del`      int(10) NOT NULL DEFAULT '0' COMMENT '1代表删除',
    `status`      int(10) NOT NULL DEFAULT '0' COMMENT '备用'
) ENGINE=InnoDB DEFAULT CHARSET=utf8;

--
-- 转存表中的数据 `rooms`
--

INSERT INTO `rooms` (`id`, `building_id`, `name`, `gender`, `order_num`, `is_valid`, `remarks`, `describe`, `image_url`,
                     `is_del`, `status`)
VALUES (1, 1, '1101', 1, 1101, 1, NULL, 'this is 1101 room', 'url of 1101 room', 0, 0),
       (2, 1, '1102', 1, 1102, 1, NULL, 'this is 1102 room', 'url of 1102 room', 0, 0),
       (3, 1, '1103', 1, 1103, 1, NULL, 'this is 1103 room', 'url of 1103 room', 0, 0),
       (4, 1, '1104', 1, 1104, 1, NULL, 'this is 1104 room', 'url of 1104 room', 0, 0),
       (5, 1, '1105', 1, 1105, 1, NULL, 'this is 1105 room', 'url of 1105 room', 0, 0),
       (6, 1, '1106', 1, 1106, 1, NULL, 'this is 1106 room', 'url of 1106 room', 0, 0),
       (7, 1, '1107', 1, 1107, 1, NULL, 'this is 1107 room', 'url of 1107 room', 0, 0),
       (8, 1, '1108', 1, 1108, 1, NULL, 'this is 1108 room', 'url of 1108 room', 0, 0),
       (9, 1, '1109', 1, 1109, 1, NULL, 'this is 1109 room', 'url of 1109 room', 0, 0),
       (10, 1, '1110', 1, 1110, 1, NULL, 'this is 1110 room', 'url of 1110 room', 0, 0),
       (11, 1, '1201', 0, 1201, 1, NULL, 'this is 1201 room', 'url of 1201 room', 0, 0),
       (12, 1, '1202', 0, 1202, 1, NULL, 'this is 1202 room', 'url of 1202 room', 0, 0),
       (13, 1, '1203', 0, 1203, 1, NULL, 'this is 1203 room', 'url of 1203 room', 0, 0),
       (14, 1, '1204', 0, 1204, 1, NULL, 'this is 1204 room', 'url of 1204 room', 0, 0),
       (15, 1, '1205', 0, 1205, 1, NULL, 'this is 1205 room', 'url of 1205 room', 0, 0),
       (16, 1, '1206', 0, 1206, 1, NULL, 'this is 1206 room', 'url of 1206 room', 0, 0),
       (17, 1, '1207', 0, 1207, 1, NULL, 'this is 1207 room', 'url of 1207 room', 0, 0),
       (18, 1, '1208', 0, 1208, 1, NULL, 'this is 1208 room', 'url of 1208 room', 0, 0),
       (19, 1, '1209', 0, 1209, 1, NULL, 'this is 1209 room', 'url of 1209 room', 0, 0),
       (20, 1, '1210', 0, 1210, 1, NULL, 'this is 1210 room', 'url of 1210 room', 0, 0),
       (21, 1, '1301', 1, 1301, 1, NULL, 'this is 1301 room', 'url of 1301 room', 0, 0),
       (22, 1, '1302', 1, 1302, 1, NULL, 'this is 1302 room', 'url of 1302 room', 0, 0),
       (23, 1, '1303', 1, 1303, 1, NULL, 'this is 1303 room', 'url of 1303 room', 0, 0),
       (24, 1, '1304', 1, 1304, 1, NULL, 'this is 1304 room', 'url of 1304 room', 0, 0),
       (25, 1, '1305', 1, 1305, 1, NULL, 'this is 1305 room', 'url of 1305 room', 0, 0),
       (26, 1, '1306', 1, 1306, 1, NULL, 'this is 1306 room', 'url of 1306 room', 0, 0),
       (27, 1, '1307', 1, 1307, 1, NULL, 'this is 1307 room', 'url of 1307 room', 0, 0),
       (28, 1, '1308', 1, 1308, 1, NULL, 'this is 1308 room', 'url of 1308 room', 0, 0),
       (29, 1, '1309', 1, 1309, 1, NULL, 'this is 1309 room', 'url of 1309 room', 0, 0),
       (30, 1, '1310', 1, 1310, 1, NULL, 'this is 1310 room', 'url of 1310 room', 0, 0),
       (31, 1, '1401', 0, 1401, 1, NULL, 'this is 1401 room', 'url of 1401 room', 0, 0),
       (32, 1, '1402', 0, 1402, 1, NULL, 'this is 1402 room', 'url of 1402 room', 0, 0),
       (33, 1, '1403', 0, 1403, 1, NULL, 'this is 1403 room', 'url of 1403 room', 0, 0),
       (34, 1, '1404', 0, 1404, 1, NULL, 'this is 1404 room', 'url of 1404 room', 0, 0),
       (35, 1, '1405', 0, 1405, 1, NULL, 'this is 1405 room', 'url of 1405 room', 0, 0),
       (36, 1, '1406', 0, 1406, 1, NULL, 'this is 1406 room', 'url of 1406 room', 0, 0),
       (37, 1, '1407', 0, 1407, 1, NULL, 'this is 1407 room', 'url of 1407 room', 0, 0),
       (38, 1, '1408', 0, 1408, 1, NULL, 'this is 1408 room', 'url of 1408 room', 0, 0),
       (39, 1, '1409', 0, 1409, 1, NULL, 'this is 1409 room', 'url of 1409 room', 0, 0),
       (40, 1, '1410', 0, 1410, 1, NULL, 'this is 1410 room', 'url of 1410 room', 0, 0),
       (41, 1, '1501', 1, 1501, 1, NULL, 'this is 1501 room', 'url of 1501 room', 0, 0),
       (42, 1, '1502', 1, 1502, 1, NULL, 'this is 1502 room', 'url of 1502 room', 0, 0),
       (43, 1, '1503', 1, 1503, 1, NULL, 'this is 1503 room', 'url of 1503 room', 0, 0),
       (44, 1, '1504', 1, 1504, 1, NULL, 'this is 1504 room', 'url of 1504 room', 0, 0),
       (45, 1, '1505', 1, 1505, 1, NULL, 'this is 1505 room', 'url of 1505 room', 0, 0),
       (46, 1, '1506', 1, 1506, 1, NULL, 'this is 1506 room', 'url of 1506 room', 0, 0),
       (47, 1, '1507', 1, 1507, 1, NULL, 'this is 1507 room', 'url of 1507 room', 0, 0),
       (48, 1, '1508', 1, 1508, 0, NULL, 'this is 1508 room', 'url of 1508 room', 0, 0),
       (49, 1, '1509', 1, 1509, 1, NULL, 'this is 1509 room', 'url of 1509 room', 0, 0),
       (50, 1, '1510', 1, 1510, 1, NULL, 'this is 1510 room', 'url of 1510 room', 0, 0),
       (51, 2, '2101', 1, 2101, 1, NULL, 'this is 2101 room', 'url of 2101 room', 0, 0),
       (52, 2, '2102', 1, 2102, 1, NULL, 'this is 2102 room', 'url of 2102 room', 0, 0),
       (53, 2, '2103', 1, 2103, 1, NULL, 'this is 2103 room', 'url of 2103 room', 0, 0),
       (54, 2, '2104', 1, 2104, 1, NULL, 'this is 2104 room', 'url of 2104 room', 0, 0),
       (55, 2, '2105', 1, 2105, 1, NULL, 'this is 2105 room', 'url of 2105 room', 0, 0),
       (56, 2, '2106', 1, 2106, 1, NULL, 'this is 2106 room', 'url of 2106 room', 0, 0),
       (57, 2, '2107', 1, 2107, 1, NULL, 'this is 2107 room', 'url of 2107 room', 0, 0),
       (58, 2, '2108', 1, 2108, 1, NULL, 'this is 2108 room', 'url of 2108 room', 0, 0),
       (59, 2, '2109', 1, 2109, 1, NULL, 'this is 2109 room', 'url of 2109 room', 0, 0),
       (60, 2, '2110', 1, 2110, 1, NULL, 'this is 2110 room', 'url of 2110 room', 0, 0),
       (61, 2, '2201', 0, 2201, 1, NULL, 'this is 2201 room', 'url of 2201 room', 0, 0),
       (62, 2, '2202', 0, 2202, 1, NULL, 'this is 2202 room', 'url of 2202 room', 0, 0),
       (63, 2, '2203', 0, 2203, 1, NULL, 'this is 2203 room', 'url of 2203 room', 0, 0),
       (64, 2, '2204', 0, 2204, 1, NULL, 'this is 2204 room', 'url of 2204 room', 0, 0),
       (65, 2, '2205', 0, 2205, 1, NULL, 'this is 2205 room', 'url of 2205 room', 0, 0),
       (66, 2, '2206', 0, 2206, 1, NULL, 'this is 2206 room', 'url of 2206 room', 0, 0),
       (67, 2, '2207', 0, 2207, 1, NULL, 'this is 2207 room', 'url of 2207 room', 0, 0),
       (68, 2, '2208', 0, 2208, 1, NULL, 'this is 2208 room', 'url of 2208 room', 0, 0),
       (69, 2, '2209', 0, 2209, 1, NULL, 'this is 2209 room', 'url of 2209 room', 0, 0),
       (70, 2, '2210', 0, 2210, 1, NULL, 'this is 2210 room', 'url of 2210 room', 0, 0),
       (71, 2, '2301', 1, 2301, 1, NULL, 'this is 2301 room', 'url of 2301 room', 0, 0),
       (72, 2, '2302', 1, 2302, 1, NULL, 'this is 2302 room', 'url of 2302 room', 0, 0),
       (73, 2, '2303', 1, 2303, 1, NULL, 'this is 2303 room', 'url of 2303 room', 0, 0),
       (74, 2, '2304', 1, 2304, 1, NULL, 'this is 2304 room', 'url of 2304 room', 0, 0),
       (75, 2, '2305', 1, 2305, 1, NULL, 'this is 2305 room', 'url of 2305 room', 0, 0),
       (76, 2, '2306', 1, 2306, 1, NULL, 'this is 2306 room', 'url of 2306 room', 0, 0),
       (77, 2, '2307', 1, 2307, 1, NULL, 'this is 2307 room', 'url of 2307 room', 0, 0),
       (78, 2, '2308', 1, 2308, 1, NULL, 'this is 2308 room', 'url of 2308 room', 0, 0),
       (79, 2, '2309', 1, 2309, 1, NULL, 'this is 2309 room', 'url of 2309 room', 0, 0),
       (80, 2, '2310', 1, 2310, 1, NULL, 'this is 2310 room', 'url of 2310 room', 0, 0),
       (81, 2, '2401', 0, 2401, 1, NULL, 'this is 2401 room', 'url of 2401 room', 0, 0),
       (82, 2, '2402', 0, 2402, 1, NULL, 'this is 2402 room', 'url of 2402 room', 0, 0),
       (83, 2, '2403', 0, 2403, 1, NULL, 'this is 2403 room', 'url of 2403 room', 0, 0),
       (84, 2, '2404', 0, 2404, 1, NULL, 'this is 2404 room', 'url of 2404 room', 0, 0),
       (85, 2, '2405', 0, 2405, 1, NULL, 'this is 2405 room', 'url of 2405 room', 0, 0),
       (86, 2, '2406', 0, 2406, 1, NULL, 'this is 2406 room', 'url of 2406 room', 0, 0),
       (87, 2, '2407', 0, 2407, 1, NULL, 'this is 2407 room', 'url of 2407 room', 0, 0),
       (88, 2, '2408', 0, 2408, 1, NULL, 'this is 2408 room', 'url of 2408 room', 0, 0),
       (89, 2, '2409', 0, 2409, 1, NULL, 'this is 2409 room', 'url of 2409 room', 0, 0),
       (90, 2, '2410', 0, 2410, 1, NULL, 'this is 2410 room', 'url of 2410 room', 0, 0),
       (91, 2, '2501', 1, 2501, 1, NULL, 'this is 2501 room', 'url of 2501 room', 0, 0),
       (92, 2, '2502', 1, 2502, 1, NULL, 'this is 2502 room', 'url of 2502 room', 0, 0),
       (93, 2, '2503', 1, 2503, 1, NULL, 'this is 2503 room', 'url of 2503 room', 0, 0),
       (94, 2, '2504', 1, 2504, 1, NULL, 'this is 2504 room', 'url of 2504 room', 0, 0),
       (95, 2, '2505', 1, 2505, 1, NULL, 'this is 2505 room', 'url of 2505 room', 0, 0),
       (96, 2, '2506', 1, 2506, 1, NULL, 'this is 2506 room', 'url of 2506 room', 0, 0),
       (97, 2, '2507', 1, 2507, 1, NULL, 'this is 2507 room', 'url of 2507 room', 0, 0),
       (98, 2, '2508', 1, 2508, 1, NULL, 'this is 2508 room', 'url of 2508 room', 0, 0),
       (99, 2, '2509', 1, 2509, 1, NULL, 'this is 2509 room', 'url of 2509 room', 0, 0),
       (100, 2, '2510', 1, 2510, 1, NULL, 'this is 2510 room', 'url of 2510 room', 0, 0),
       (101, 3, '3101', 1, 3101, 1, NULL, 'this is 3101 room', 'url of 3101 room', 0, 0),
       (102, 3, '3102', 1, 3102, 1, NULL, 'this is 3102 room', 'url of 3102 room', 0, 0),
       (103, 3, '3103', 1, 3103, 1, NULL, 'this is 3103 room', 'url of 3103 room', 0, 0),
       (104, 3, '3104', 1, 3104, 1, NULL, 'this is 3104 room', 'url of 3104 room', 0, 0),
       (105, 3, '3105', 1, 3105, 1, NULL, 'this is 3105 room', 'url of 3105 room', 0, 0),
       (106, 3, '3106', 1, 3106, 1, NULL, 'this is 3106 room', 'url of 3106 room', 0, 0),
       (107, 3, '3107', 1, 3107, 1, NULL, 'this is 3107 room', 'url of 3107 room', 0, 0),
       (108, 3, '3108', 1, 3108, 1, NULL, 'this is 3108 room', 'url of 3108 room', 0, 0),
       (109, 3, '3109', 1, 3109, 1, NULL, 'this is 3109 room', 'url of 3109 room', 0, 0),
       (110, 3, '3110', 1, 3110, 1, NULL, 'this is 3110 room', 'url of 3110 room', 0, 0),
       (111, 3, '3201', 0, 3201, 1, NULL, 'this is 3201 room', 'url of 3201 room', 0, 0),
       (112, 3, '3202', 0, 3202, 1, NULL, 'this is 3202 room', 'url of 3202 room', 0, 0),
       (113, 3, '3203', 0, 3203, 1, NULL, 'this is 3203 room', 'url of 3203 room', 0, 0),
       (114, 3, '3204', 0, 3204, 1, NULL, 'this is 3204 room', 'url of 3204 room', 0, 0),
       (115, 3, '3205', 0, 3205, 1, NULL, 'this is 3205 room', 'url of 3205 room', 0, 0),
       (116, 3, '3206', 0, 3206, 1, NULL, 'this is 3206 room', 'url of 3206 room', 0, 0),
       (117, 3, '3207', 0, 3207, 1, NULL, 'this is 3207 room', 'url of 3207 room', 0, 0),
       (118, 3, '3208', 0, 3208, 0, NULL, 'this is 3208 room', 'url of 3208 room', 0, 0),
       (119, 3, '3209', 0, 3209, 1, NULL, 'this is 3209 room', 'url of 3209 room', 0, 0),
       (120, 3, '3210', 0, 3210, 1, NULL, 'this is 3210 room', 'url of 3210 room', 0, 0),
       (121, 3, '3301', 1, 3301, 1, NULL, 'this is 3301 room', 'url of 3301 room', 0, 0),
       (122, 3, '3302', 1, 3302, 1, NULL, 'this is 3302 room', 'url of 3302 room', 0, 0),
       (123, 3, '3303', 1, 3303, 1, NULL, 'this is 3303 room', 'url of 3303 room', 0, 0),
       (124, 3, '3304', 1, 3304, 1, NULL, 'this is 3304 room', 'url of 3304 room', 0, 0),
       (125, 3, '3305', 1, 3305, 1, NULL, 'this is 3305 room', 'url of 3305 room', 0, 0),
       (126, 3, '3306', 1, 3306, 1, NULL, 'this is 3306 room', 'url of 3306 room', 0, 0),
       (127, 3, '3307', 1, 3307, 1, NULL, 'this is 3307 room', 'url of 3307 room', 0, 0),
       (128, 3, '3308', 1, 3308, 1, NULL, 'this is 3308 room', 'url of 3308 room', 0, 0),
       (129, 3, '3309', 1, 3309, 1, NULL, 'this is 3309 room', 'url of 3309 room', 0, 0),
       (130, 3, '3310', 1, 3310, 1, NULL, 'this is 3310 room', 'url of 3310 room', 0, 0),
       (131, 3, '3401', 0, 3401, 1, NULL, 'this is 3401 room', 'url of 3401 room', 0, 0),
       (132, 3, '3402', 0, 3402, 1, NULL, 'this is 3402 room', 'url of 3402 room', 0, 0),
       (133, 3, '3403', 0, 3403, 1, NULL, 'this is 3403 room', 'url of 3403 room', 0, 0),
       (134, 3, '3404', 0, 3404, 1, NULL, 'this is 3404 room', 'url of 3404 room', 0, 0),
       (135, 3, '3405', 0, 3405, 1, NULL, 'this is 3405 room', 'url of 3405 room', 0, 0),
       (136, 3, '3406', 0, 3406, 1, NULL, 'this is 3406 room', 'url of 3406 room', 0, 0),
       (137, 3, '3407', 0, 3407, 1, NULL, 'this is 3407 room', 'url of 3407 room', 0, 0),
       (138, 3, '3408', 0, 3408, 1, NULL, 'this is 3408 room', 'url of 3408 room', 0, 0),
       (139, 3, '3409', 0, 3409, 1, NULL, 'this is 3409 room', 'url of 3409 room', 0, 0),
       (140, 3, '3410', 0, 3410, 1, NULL, 'this is 3410 room', 'url of 3410 room', 0, 0),
       (141, 3, '3501', 1, 3501, 1, NULL, 'this is 3501 room', 'url of 3501 room', 0, 0),
       (142, 3, '3502', 1, 3502, 1, NULL, 'this is 3502 room', 'url of 3502 room', 0, 0),
       (143, 3, '3503', 1, 3503, 1, NULL, 'this is 3503 room', 'url of 3503 room', 0, 0),
       (144, 3, '3504', 1, 3504, 1, NULL, 'this is 3504 room', 'url of 3504 room', 0, 0),
       (145, 3, '3505', 1, 3505, 0, NULL, 'this is 3505 room', 'url of 3505 room', 0, 0),
       (146, 3, '3506', 1, 3506, 1, NULL, 'this is 3506 room', 'url of 3506 room', 0, 0),
       (147, 3, '3507', 1, 3507, 1, NULL, 'this is 3507 room', 'url of 3507 room', 0, 0),
       (148, 3, '3508', 1, 3508, 1, NULL, 'this is 3508 room', 'url of 3508 room', 0, 0),
       (149, 3, '3509', 1, 3509, 1, NULL, 'this is 3509 room', 'url of 3509 room', 0, 0),
       (150, 3, '3510', 1, 3510, 1, NULL, 'this is 3510 room', 'url of 3510 room', 0, 0),
       (151, 4, '4101', 1, 4101, 1, NULL, 'this is 4101 room', 'url of 4101 room', 0, 0),
       (152, 4, '4102', 1, 4102, 1, NULL, 'this is 4102 room', 'url of 4102 room', 0, 0),
       (153, 4, '4103', 1, 4103, 1, NULL, 'this is 4103 room', 'url of 4103 room', 0, 0),
       (154, 4, '4104', 1, 4104, 1, NULL, 'this is 4104 room', 'url of 4104 room', 0, 0),
       (155, 4, '4105', 1, 4105, 1, NULL, 'this is 4105 room', 'url of 4105 room', 0, 0),
       (156, 4, '4106', 1, 4106, 1, NULL, 'this is 4106 room', 'url of 4106 room', 0, 0),
       (157, 4, '4107', 1, 4107, 1, NULL, 'this is 4107 room', 'url of 4107 room', 0, 0),
       (158, 4, '4108', 1, 4108, 1, NULL, 'this is 4108 room', 'url of 4108 room', 0, 0),
       (159, 4, '4109', 1, 4109, 1, NULL, 'this is 4109 room', 'url of 4109 room', 0, 0),
       (160, 4, '4110', 1, 4110, 1, NULL, 'this is 4110 room', 'url of 4110 room', 0, 0),
       (161, 4, '4201', 0, 4201, 1, NULL, 'this is 4201 room', 'url of 4201 room', 0, 0),
       (162, 4, '4202', 0, 4202, 1, NULL, 'this is 4202 room', 'url of 4202 room', 0, 0),
       (163, 4, '4203', 0, 4203, 1, NULL, 'this is 4203 room', 'url of 4203 room', 0, 0),
       (164, 4, '4204', 0, 4204, 1, NULL, 'this is 4204 room', 'url of 4204 room', 0, 0),
       (165, 4, '4205', 0, 4205, 1, NULL, 'this is 4205 room', 'url of 4205 room', 0, 0),
       (166, 4, '4206', 0, 4206, 1, NULL, 'this is 4206 room', 'url of 4206 room', 0, 0),
       (167, 4, '4207', 0, 4207, 1, NULL, 'this is 4207 room', 'url of 4207 room', 0, 0),
       (168, 4, '4208', 0, 4208, 1, NULL, 'this is 4208 room', 'url of 4208 room', 0, 0),
       (169, 4, '4209', 0, 4209, 1, NULL, 'this is 4209 room', 'url of 4209 room', 0, 0),
       (170, 4, '4210', 0, 4210, 1, NULL, 'this is 4210 room', 'url of 4210 room', 0, 0),
       (171, 4, '4301', 1, 4301, 1, NULL, 'this is 4301 room', 'url of 4301 room', 0, 0),
       (172, 4, '4302', 1, 4302, 1, NULL, 'this is 4302 room', 'url of 4302 room', 0, 0),
       (173, 4, '4303', 1, 4303, 1, NULL, 'this is 4303 room', 'url of 4303 room', 0, 0),
       (174, 4, '4304', 1, 4304, 1, NULL, 'this is 4304 room', 'url of 4304 room', 0, 0),
       (175, 4, '4305', 1, 4305, 1, NULL, 'this is 4305 room', 'url of 4305 room', 0, 0),
       (176, 4, '4306', 1, 4306, 1, NULL, 'this is 4306 room', 'url of 4306 room', 0, 0),
       (177, 4, '4307', 1, 4307, 1, NULL, 'this is 4307 room', 'url of 4307 room', 0, 0),
       (178, 4, '4308', 1, 4308, 1, NULL, 'this is 4308 room', 'url of 4308 room', 0, 0),
       (179, 4, '4309', 1, 4309, 1, NULL, 'this is 4309 room', 'url of 4309 room', 0, 0),
       (180, 4, '4310', 1, 4310, 1, NULL, 'this is 4310 room', 'url of 4310 room', 0, 0),
       (181, 4, '4401', 0, 4401, 1, NULL, 'this is 4401 room', 'url of 4401 room', 0, 0),
       (182, 4, '4402', 0, 4402, 1, NULL, 'this is 4402 room', 'url of 4402 room', 0, 0),
       (183, 4, '4403', 0, 4403, 1, NULL, 'this is 4403 room', 'url of 4403 room', 0, 0),
       (184, 4, '4404', 0, 4404, 1, NULL, 'this is 4404 room', 'url of 4404 room', 0, 0),
       (185, 4, '4405', 0, 4405, 0, NULL, 'this is 4405 room', 'url of 4405 room', 0, 0),
       (186, 4, '4406', 0, 4406, 1, NULL, 'this is 4406 room', 'url of 4406 room', 0, 0),
       (187, 4, '4407', 0, 4407, 1, NULL, 'this is 4407 room', 'url of 4407 room', 0, 0),
       (188, 4, '4408', 0, 4408, 1, NULL, 'this is 4408 room', 'url of 4408 room', 0, 0),
       (189, 4, '4409', 0, 4409, 1, NULL, 'this is 4409 room', 'url of 4409 room', 0, 0),
       (190, 4, '4410', 0, 4410, 1, NULL, 'this is 4410 room', 'url of 4410 room', 0, 0),
       (191, 4, '4501', 1, 4501, 1, NULL, 'this is 4501 room', 'url of 4501 room', 0, 0),
       (192, 4, '4502', 1, 4502, 1, NULL, 'this is 4502 room', 'url of 4502 room', 0, 0),
       (193, 4, '4503', 1, 4503, 1, NULL, 'this is 4503 room', 'url of 4503 room', 0, 0),
       (194, 4, '4504', 1, 4504, 1, NULL, 'this is 4504 room', 'url of 4504 room', 0, 0),
       (195, 4, '4505', 1, 4505, 1, NULL, 'this is 4505 room', 'url of 4505 room', 0, 0),
       (196, 4, '4506', 1, 4506, 1, NULL, 'this is 4506 room', 'url of 4506 room', 0, 0),
       (197, 4, '4507', 1, 4507, 1, NULL, 'this is 4507 room', 'url of 4507 room', 0, 0),
       (198, 4, '4508', 1, 4508, 0, NULL, 'this is 4508 room', 'url of 4508 room', 1, 0),
       (199, 4, '4509', 1, 4509, 1, NULL, 'this is 4509 room', 'url of 4509 room', 0, 0),
       (200, 4, '4510', 1, 4510, 1, NULL, 'this is 4510 room', 'url of 4510 room', 0, 0),
       (201, 5, '5101', 1, 5101, 1, NULL, 'this is 5101 room', 'url of 5101 room', 0, 0),
       (202, 5, '5102', 1, 5102, 1, NULL, 'this is 5102 room', 'url of 5102 room', 0, 0),
       (203, 5, '5103', 1, 5103, 1, NULL, 'this is 5103 room', 'url of 5103 room', 0, 0),
       (204, 5, '5104', 1, 5104, 1, NULL, 'this is 5104 room', 'url of 5104 room', 0, 0),
       (205, 5, '5105', 1, 5105, 1, NULL, 'this is 5105 room', 'url of 5105 room', 0, 0),
       (206, 5, '5106', 1, 5106, 1, NULL, 'this is 5106 room', 'url of 5106 room', 0, 0),
       (207, 5, '5107', 1, 5107, 1, NULL, 'this is 5107 room', 'url of 5107 room', 0, 0),
       (208, 5, '5108', 1, 5108, 1, NULL, 'this is 5108 room', 'url of 5108 room', 0, 0),
       (209, 5, '5109', 1, 5109, 1, NULL, 'this is 5109 room', 'url of 5109 room', 0, 0),
       (210, 5, '5110', 1, 5110, 1, NULL, 'this is 5110 room', 'url of 5110 room', 0, 0),
       (211, 5, '5201', 0, 5201, 1, NULL, 'this is 5201 room', 'url of 5201 room', 0, 0),
       (212, 5, '5202', 0, 5202, 1, NULL, 'this is 5202 room', 'url of 5202 room', 0, 0),
       (213, 5, '5203', 0, 5203, 1, NULL, 'this is 5203 room', 'url of 5203 room', 0, 0),
       (214, 5, '5204', 0, 5204, 1, NULL, 'this is 5204 room', 'url of 5204 room', 0, 0),
       (215, 5, '5205', 0, 5205, 1, NULL, 'this is 5205 room', 'url of 5205 room', 0, 0),
       (216, 5, '5206', 0, 5206, 1, NULL, 'this is 5206 room', 'url of 5206 room', 0, 0),
       (217, 5, '5207', 0, 5207, 1, NULL, 'this is 5207 room', 'url of 5207 room', 0, 0),
       (218, 5, '5208', 0, 5208, 1, NULL, 'this is 5208 room', 'url of 5208 room', 0, 0),
       (219, 5, '5209', 0, 5209, 1, NULL, 'this is 5209 room', 'url of 5209 room', 0, 0),
       (220, 5, '5210', 0, 5210, 1, NULL, 'this is 5210 room', 'url of 5210 room', 0, 0),
       (221, 5, '5301', 1, 5301, 1, NULL, 'this is 5301 room', 'url of 5301 room', 0, 0),
       (222, 5, '5302', 1, 5302, 1, NULL, 'this is 5302 room', 'url of 5302 room', 0, 0),
       (223, 5, '5303', 1, 5303, 1, NULL, 'this is 5303 room', 'url of 5303 room', 0, 0),
       (224, 5, '5304', 1, 5304, 1, NULL, 'this is 5304 room', 'url of 5304 room', 0, 0),
       (225, 5, '5305', 1, 5305, 1, NULL, 'this is 5305 room', 'url of 5305 room', 0, 0),
       (226, 5, '5306', 1, 5306, 1, NULL, 'this is 5306 room', 'url of 5306 room', 0, 0),
       (227, 5, '5307', 1, 5307, 1, NULL, 'this is 5307 room', 'url of 5307 room', 0, 0),
       (228, 5, '5308', 1, 5308, 1, NULL, 'this is 5308 room', 'url of 5308 room', 0, 0),
       (229, 5, '5309', 1, 5309, 1, NULL, 'this is 5309 room', 'url of 5309 room', 0, 0),
       (230, 5, '5310', 1, 5310, 1, NULL, 'this is 5310 room', 'url of 5310 room', 0, 0),
       (231, 5, '5401', 0, 5401, 1, NULL, 'this is 5401 room', 'url of 5401 room', 0, 0),
       (232, 5, '5402', 0, 5402, 1, NULL, 'this is 5402 room', 'url of 5402 room', 0, 0),
       (233, 5, '5403', 0, 5403, 1, NULL, 'this is 5403 room', 'url of 5403 room', 0, 0),
       (234, 5, '5404', 0, 5404, 1, NULL, 'this is 5404 room', 'url of 5404 room', 0, 0),
       (235, 5, '5405', 0, 5405, 1, NULL, 'this is 5405 room', 'url of 5405 room', 0, 0),
       (236, 5, '5406', 0, 5406, 1, NULL, 'this is 5406 room', 'url of 5406 room', 0, 0),
       (237, 5, '5407', 0, 5407, 1, NULL, 'this is 5407 room', 'url of 5407 room', 1, 0),
       (238, 5, '5408', 0, 5408, 1, NULL, 'this is 5408 room', 'url of 5408 room', 0, 0),
       (239, 5, '5409', 0, 5409, 1, NULL, 'this is 5409 room', 'url of 5409 room', 0, 0),
       (240, 5, '5410', 0, 5410, 1, NULL, 'this is 5410 room', 'url of 5410 room', 0, 0),
       (241, 5, '5501', 1, 5501, 1, NULL, 'this is 5501 room', 'url of 5501 room', 0, 0),
       (242, 5, '5502', 1, 5502, 1, NULL, 'this is 5502 room', 'url of 5502 room', 0, 0),
       (243, 5, '5503', 1, 5503, 1, NULL, 'this is 5503 room', 'url of 5503 room', 0, 0),
       (244, 5, '5504', 1, 5504, 1, NULL, 'this is 5504 room', 'url of 5504 room', 0, 0),
       (245, 5, '5505', 1, 5505, 1, NULL, 'this is 5505 room', 'url of 5505 room', 0, 0),
       (246, 5, '5506', 1, 5506, 1, NULL, 'this is 5506 room', 'url of 5506 room', 0, 0),
       (247, 5, '5507', 1, 5507, 1, NULL, 'this is 5507 room', 'url of 5507 room', 0, 0),
       (248, 5, '5508', 1, 5508, 1, NULL, 'this is 5508 room', 'url of 5508 room', 0, 0),
       (249, 5, '5509', 1, 5509, 1, NULL, 'this is 5509 room', 'url of 5509 room', 0, 0),
       (250, 5, '5510', 1, 5510, 1, NULL, 'this is 5510 room', 'url of 5510 room', 0, 0),
       (251, 6, '6101', 0, 6101, 1, NULL, 'this is 6101 room', 'rul of 6101 room', 0, 0);

-- --------------------------------------------------------

--
-- 表的结构 `student_info`
--

CREATE TABLE `student_info`
(
    `id`                int(10) NOT NULL COMMENT '主键，自增',
    `uid`               int(10) NOT NULL COMMENT 'user表中的id',
    `studentid`         varchar(50) NOT NULL COMMENT '学号',
    `verification_code` varchar(10) NOT NULL DEFAULT '0' COMMENT '校验码',
    `class_id`          int(10) NOT NULL COMMENT '班级id',
    `remarks`           varchar(1000)        DEFAULT NULL COMMENT '备注，仅管理员可见',
    `status`            int(10) NOT NULL DEFAULT '0' COMMENT '备用'
) ENGINE=InnoDB DEFAULT CHARSET=utf8;

--
-- 转存表中的数据 `student_info`
--

INSERT INTO `student_info` (`id`, `uid`, `studentid`, `verification_code`, `class_id`, `remarks`, `status`)
VALUES (1, 1, '2201210001', 'abcabc', 1, NULL, 0);

-- --------------------------------------------------------

--
-- 表的结构 `sys`
--

CREATE TABLE `sys`
(
    `id`        int(10) NOT NULL COMMENT '主键，自增',
    `key_name`  varchar(100)  NOT NULL COMMENT '配置名称',
    `key_value` varchar(1000) NOT NULL COMMENT '配置值',
    `is_del`    int(10) NOT NULL DEFAULT '0' COMMENT '1代表删除',
    `remarks`   varchar(1000) DEFAULT NULL COMMENT '备注，仅管理员可见'
) ENGINE=InnoDB DEFAULT CHARSET=utf8;

--
-- 转存表中的数据 `sys`
--

INSERT INTO `sys` (`id`, `key_name`, `key_value`, `is_del`, `remarks`)
VALUES (1, 'start_time', '1661997600', 0, NULL),
       (2, 'end_time', '1662030000', 0, NULL),
       (3, 'class_limit', '0', 0, NULL),
       (4, 'group_limit', '0', 0, NULL),
       (5, 'group_num', '4', 0, NULL);

-- --------------------------------------------------------

--
-- 表的结构 `users`
--

CREATE TABLE `users`
(
    `uid`             int(10) NOT NULL COMMENT '主键，自增，系统中其他表中的uid字段引用该字段',
    `name`            varchar(100) NOT NULL COMMENT '姓名',
    `gender`          int(10) NOT NULL COMMENT '性别：0为女 1为男',
    `email`           varchar(100) NOT NULL COMMENT '电子邮箱',
    `tel`             varchar(100) NOT NULL COMMENT '电话号码',
    `type`            int(10) NOT NULL DEFAULT '1' COMMENT '1为学生。此字段保留方便以后扩展',
    `add_time`        int(11) NOT NULL DEFAULT '0' COMMENT '添加时间',
    `is_deny`         int(10) NOT NULL DEFAULT '0' COMMENT '是否禁止使用系统，1为禁止，0为允许登录',
    `last_login_time` int(11) NOT NULL DEFAULT '0' COMMENT '最后一次登录时间',
    `remarks`         varchar(1000) DEFAULT NULL COMMENT '备注，仅管理员可见',
    `is_del`          int(10) NOT NULL DEFAULT '0' COMMENT '1代表删除',
    `status`          int(10) NOT NULL DEFAULT '0' COMMENT '备用'
) ENGINE=InnoDB DEFAULT CHARSET=utf8;

--
-- 转存表中的数据 `users`
--

INSERT INTO `users` (`uid`, `name`, `gender`, `email`, `tel`, `type`, `add_time`, `is_deny`, `last_login_time`,
                     `remarks`, `is_del`, `status`)
VALUES (1, '一号', 1, '2201210001@stu.pku.edu.cn', '13800000000', 1, 0, 0, 0, NULL, 0, 0),
       (2, '二号', 0, '2201210002@stu.pku.edu.cn', '13800000001', 1, 0, 0, 0, NULL, 0, 0),
       (3, '三号', 1, '2201210003@stu.pku.edu.cn', '13800000003', 1, 0, 0, 0, NULL, 1, 0),
       (4, '四号', 1, '2201210004@stu.pku.edu.cn', '13800000004', 1, 0, 0, 0, NULL, 0, 0),
       (5, '5号', 1, '2201210005@stu.pku.edu.cn', '13800000005', 1, 0, 0, 0, NULL, 0, 0),
       (6, '6号', 1, '2201210006@stu.pku.edu.cn', '13800000006', 1, 0, 0, 0, NULL, 0, 0),
       (7, '7号', 1, '2201210007@stu.pku.edu.cn', '13800000007', 1, 0, 0, 0, NULL, 0, 0);

--
-- 转储表的索引
--

--
-- 表的索引 `auth`
--
ALTER TABLE `auth`
    ADD PRIMARY KEY (`id`),
  ADD UNIQUE KEY `username` (`username`);

--
-- 表的索引 `beds`
--
ALTER TABLE `beds`
    ADD PRIMARY KEY (`id`);

--
-- 表的索引 `buildings`
--
ALTER TABLE `buildings`
    ADD PRIMARY KEY (`id`);

--
-- 表的索引 `class`
--
ALTER TABLE `class`
    ADD PRIMARY KEY (`id`);

--
-- 表的索引 `class_room`
--
ALTER TABLE `class_room`
    ADD PRIMARY KEY (`id`);

--
-- 表的索引 `groups`
--
ALTER TABLE `groups`
    ADD PRIMARY KEY (`id`);

--
-- 表的索引 `groups_user`
--
ALTER TABLE `groups_user`
    ADD PRIMARY KEY (`id`);

--
-- 表的索引 `logs`
--
ALTER TABLE `logs`
    ADD PRIMARY KEY (`id`);

--
-- 表的索引 `orders`
--
ALTER TABLE `orders`
    ADD PRIMARY KEY (`id`);

--
-- 表的索引 `rooms`
--
ALTER TABLE `rooms`
    ADD PRIMARY KEY (`id`);

--
-- 表的索引 `student_info`
--
ALTER TABLE `student_info`
    ADD PRIMARY KEY (`id`);

--
-- 表的索引 `sys`
--
ALTER TABLE `sys`
    ADD PRIMARY KEY (`id`);

--
-- 表的索引 `users`
--
ALTER TABLE `users`
    ADD PRIMARY KEY (`uid`);

--
-- 在导出的表使用AUTO_INCREMENT
--

--
-- 使用表AUTO_INCREMENT `auth`
--
ALTER TABLE `auth`
    MODIFY `id` int (10) NOT NULL AUTO_INCREMENT COMMENT '主键，自增', AUTO_INCREMENT=4;

--
-- 使用表AUTO_INCREMENT `beds`
--
ALTER TABLE `beds`
    MODIFY `id` int (10) NOT NULL AUTO_INCREMENT COMMENT '主键，自增', AUTO_INCREMENT=1121;

--
-- 使用表AUTO_INCREMENT `buildings`
--
ALTER TABLE `buildings`
    MODIFY `id` int (10) NOT NULL AUTO_INCREMENT COMMENT '主键，自增', AUTO_INCREMENT=7;

--
-- 使用表AUTO_INCREMENT `class`
--
ALTER TABLE `class`
    MODIFY `id` int (10) NOT NULL AUTO_INCREMENT COMMENT '主键，自增', AUTO_INCREMENT=2;

--
-- 使用表AUTO_INCREMENT `class_room`
--
ALTER TABLE `class_room`
    MODIFY `id` int (10) NOT NULL AUTO_INCREMENT COMMENT '主键，自增';

--
-- 使用表AUTO_INCREMENT `groups`
--
ALTER TABLE `groups`
    MODIFY `id` int (10) NOT NULL AUTO_INCREMENT COMMENT '主键，自增', AUTO_INCREMENT=17;

--
-- 使用表AUTO_INCREMENT `groups_user`
--
ALTER TABLE `groups_user`
    MODIFY `id` int (10) NOT NULL AUTO_INCREMENT COMMENT '主键，自增', AUTO_INCREMENT=25;

--
-- 使用表AUTO_INCREMENT `logs`
--
ALTER TABLE `logs`
    MODIFY `id` int (10) NOT NULL AUTO_INCREMENT COMMENT '主键，自增';

--
-- 使用表AUTO_INCREMENT `orders`
--
ALTER TABLE `orders`
    MODIFY `id` int (10) NOT NULL AUTO_INCREMENT COMMENT '主键，自增', AUTO_INCREMENT=27;

--
-- 使用表AUTO_INCREMENT `rooms`
--
ALTER TABLE `rooms`
    MODIFY `id` int (10) NOT NULL AUTO_INCREMENT COMMENT '主键，自增', AUTO_INCREMENT=252;

--
-- 使用表AUTO_INCREMENT `student_info`
--
ALTER TABLE `student_info`
    MODIFY `id` int (10) NOT NULL AUTO_INCREMENT COMMENT '主键，自增', AUTO_INCREMENT=2;

--
-- 使用表AUTO_INCREMENT `sys`
--
ALTER TABLE `sys`
    MODIFY `id` int (10) NOT NULL AUTO_INCREMENT COMMENT '主键，自增', AUTO_INCREMENT=6;

--
-- 使用表AUTO_INCREMENT `users`
--
ALTER TABLE `users`
    MODIFY `uid` int (10) NOT NULL AUTO_INCREMENT COMMENT '主键，自增，系统中其他表中的uid字段引用该字段', AUTO_INCREMENT=8;
COMMIT;

/*!40101 SET CHARACTER_SET_CLIENT=@OLD_CHARACTER_SET_CLIENT */;
/*!40101 SET CHARACTER_SET_RESULTS=@OLD_CHARACTER_SET_RESULTS */;
/*!40101 SET COLLATION_CONNECTION=@OLD_COLLATION_CONNECTION */;
